profit,poids,Nombre génération,Nombre population,Nombre meilleur solution sélectionnée,Probabilité crossover,Probabilité mutation,Items sélectionnés,Type population initiale
1989,969,"97,72,74,11,88,94",350,150,45,0.5,0.3,MEDIUM,8.298803091049194
1989,969,"97,33,103,74,11,76,108,45,86,89,25,96",350,150,45,0.5,0.3,LOW,8.479323387145996
1989,969,"97,2,35,74,84,85,25,91,94",350,150,45,0.5,0.3,HIGH,8.642085313796997
1989,969,"34,35,67,100,72,10,76,83,96",350,140,42,0.5,0.3,MEDIUM,8.711942195892334
1989,969,"33,68,74,12,76,79,52,89,62",350,140,42,0.5,0.3,HIGH,8.764800786972046
1989,969,"2,34,36,100,6,39,72,108,76,32",350,140,42,0.5,0.3,LOW,8.76280689239502
1989,969,"97,33,67,108,83,94,96",350,130,39,0.5,0.3,HIGH,8.974905490875244
1989,969,"11,76,97,34,35,38,39,40,43,50,61",350,130,39,0.5,0.3,MEDIUM,8.024487972259521
1989,969,"97,34,6,39,11,12,17,50,54,61,62",350,110,33,0.5,0.3,HIGH,7.818795204162598
1989,969,"34,2,6,43,12,107,17,50,84",350,120,36,0.5,0.3,HIGH,8.307531833648682
1989,969,"2,34,38,39,10,17,83,52,25,60,61,96",350,130,39,0.5,0.3,LOW,8.533176898956299
1989,969,"1,99,103,72,74,79,17,50,85,60",350,120,36,0.5,0.3,LOW,8.508002519607544
1989,969,"74,107,108,11,17,86,89,91,61",350,120,36,0.5,0.3,MEDIUM,8.549890518188477
1989,969,"65,2,68,12,85,25,96,97,99,36,52,61",350,110,33,0.5,0.3,MEDIUM,8.399682521820068
1989,969,"65,2,6,71,74,17,86,96,99,39,108,54",350,110,33,0.5,0.3,LOW,8.44262981414795
1989,969,"97,66,68,103,73,74,107,91,61,96",350,100,30,0.5,0.3,HIGH,8.726869583129883
1989,969,"97,33,99,68,103,10,43,11,83,25,61,96",350,100,30,0.5,0.3,MEDIUM,8.717149257659912
1989,969,"66,76,86,96,97,34,107,45,52,60,61",350,100,30,0.5,0.3,LOW,8.654263257980347
1989,969,"97,66,65,10,11,43,15,83,54,25,61,96",350,90,27,0.5,0.3,LOW,8.422819137573242
1989,969,"33,65,36,9,11,43,76,25,61,96",350,90,27,0.5,0.3,HIGH,8.688222408294678
1989,969,"1,68,100,91,72,39,10,108,50,60",350,90,27,0.5,0.3,MEDIUM,8.734206199645996
1989,969,"97,68,71,72,74,107,15,50,94",350,80,24,0.5,0.3,HIGH,8.700139284133911
1989,969,"33,6,72,73,10,108,79,84,54,25,61",350,80,24,0.5,0.3,MEDIUM,8.889633178710938
1989,969,"97,100,74,108,76,79,84,54,25,91",350,70,21,0.5,0.3,MEDIUM,8.867634534835815
1989,969,"2,72,10,83,85,88,103,108,50,52,54,61",350,80,24,0.5,0.3,LOW,9.048197984695435
1989,969,"68,11,79,99,100,103,40,62",350,70,21,0.5,0.3,HIGH,9.075128316879272
1989,969,"1,34,9,73,50,54,88,61,32",350,70,21,0.5,0.3,LOW,9.086099624633789
1989,969,"65,67,68,6,103,15,86,61,96",350,60,18,0.5,0.3,HIGH,9.264981031417847
1989,969,"100,71,72,108,76,85,86,60,61,96",350,60,18,0.5,0.3,MEDIUM,8.875719785690308
1989,969,"68,71,72,74,76,86,25,103,40,43,45,50",350,60,18,0.5,0.3,LOW,8.702270269393921
1989,969,"1,2,66,99,11,10,15,50,84,25",350,50,15,0.5,0.3,LOW,8.680039405822754
1989,969,"97,99,38,71,74,76,108,15,52,88,96",350,50,15,0.5,0.3,MEDIUM,8.784365177154541
1989,969,"1,2,35,36,6,71,11,50,52,61",350,50,15,0.5,0.3,HIGH,8.853266477584839
1989,969,"97,35,100,74,11,76,108,43,107,96",350,40,12,0.5,0.3,MEDIUM,8.558538913726807
1989,969,"1,2,68,10,74,76,86,97,34,99,100,62",350,40,12,0.5,0.3,HIGH,9.066528081893921
1989,969,"1,6,72,9,11,76,34,107,52",350,40,12,0.5,0.3,LOW,9.358586549758911
1989,969,"2,6,74,25,94,96,97,32,99,50,60,62",350,30,9,0.5,0.3,HIGH,9.184015989303589
1989,969,"99,2,71,12,50,52,91,61",350,30,9,0.5,0.3,MEDIUM,9.411091089248657
1989,969,"35,36,38,40,15,52,54,25",350,30,9,0.5,0.3,LOW,9.472416400909424
1989,969,"97,66,68,73,74,10,108,50,84,54,25,61",350,20,6,0.5,0.3,HIGH,9.810425281524658
1989,969,"97,38,40,11,12,76,50,84,54,25,61,96",350,20,6,0.5,0.3,MEDIUM,9.648830652236938
1989,969,"68,76,12,79,86,25,94,32,34,97,61",350,20,6,0.5,0.3,LOW,9.587148427963257
1989,969,"97,2,35,11,107,12,17,52,25,60",340,150,45,0.5,0.3,HIGH,7.520895004272461
1989,969,"66,68,74,76,15,17,97,34,99,45,52,61",340,150,45,0.5,0.3,MEDIUM,7.767234802246094
1989,969,"11,15,17,86,97,34,35,108,50,54,60",350,10,3,0.5,0.3,HIGH,9.488718509674072
1989,969,"2,6,76,83,97,99,103,43,50,54,61",340,140,42,0.5,0.3,HIGH,7.560183763504028
1989,969,"97,33,68,72,74,45,15,52,54,25,94",350,10,3,0.5,0.3,MEDIUM,9.214492321014404
1989,969,"6,103,11,12,38,108,15,89,25,60,61",340,150,45,0.5,0.3,LOW,7.857684135437012
1989,969,"1,2,68,72,76,12,17,88,97,34,38,108",350,10,3,0.5,0.3,LOW,9.43253493309021
1989,969,"100,103,76,108,79,84,88",340,140,42,0.5,0.3,MEDIUM,8.371320486068726
1989,969,"65,72,12,15,83,91,34,103,50,54",340,140,42,0.5,0.3,LOW,8.301507472991943
1989,969,"34,99,6,39,71,9,11,76,15,50",340,130,39,0.5,0.3,HIGH,8.307538032531738
1989,969,"97,2,6,9,11,12,108,15,54,60,96",340,130,39,0.5,0.3,LOW,8.403290271759033
1989,969,"33,68,40,73,107,12,79",340,130,39,0.5,0.3,MEDIUM,8.5329430103302
1989,969,"97,65,2,6,68,40,9,74,11,12,91",340,120,36,0.5,0.3,HIGH,8.681286811828613
1989,969,"97,34,99,6,108,83,85,86,25,60,61,96",340,120,36,0.5,0.3,MEDIUM,8.376057147979736
1989,969,"97,68,6,72,73,74,12,45,79",340,120,36,0.5,0.3,LOW,9.062837362289429
1989,969,"97,100,68,71,73,10,107,76,61",340,110,33,0.5,0.3,LOW,8.688513278961182
1989,969,"1,99,34,97,38,73,74,11,52,91",340,110,33,0.5,0.3,HIGH,9.064963817596436
1989,969,"65,97,6,76,108,32,17,62,61,94,96",340,110,33,0.5,0.3,MEDIUM,9.172447919845581
1989,969,"73,71,6,76,85,96,40,50,54",340,100,30,0.5,0.3,HIGH,9.155485153198242
1989,969,"65,97,39,40,107,83,25,61",340,100,30,0.5,0.3,MEDIUM,9.027826309204102
1989,969,"65,97,34,100,39,10,74,54,25,60,61",340,100,30,0.5,0.3,LOW,9.114749431610107
1989,969,"65,67,38,103,74,107,83,86,54,96",340,90,27,0.5,0.3,HIGH,7.699916124343872
1989,969,"97,99,100,103,108,15,85,54,96",340,90,27,0.5,0.3,LOW,8.095763921737671
1989,969,"2,6,73,74,11,12,96,34,36,38,50,60",340,90,27,0.5,0.3,MEDIUM,8.19848918914795
1989,969,"33,2,35,6,71,10,43,74,83,61",340,80,24,0.5,0.3,HIGH,8.075561761856079
1989,969,"97,67,71,74,107,85,88",340,80,24,0.5,0.3,MEDIUM,7.864126920700073
1989,969,"2,35,100,39,103,10,11,12,76,17,50",340,80,24,0.5,0.3,LOW,7.987796306610107
1989,969,"35,68,73,74,43,11,50,83,25,32,96",340,70,21,0.5,0.3,HIGH,8.530957460403442
1989,969,"2,68,74,76,10,12,83,84,88,43,52,61",340,70,21,0.5,0.3,MEDIUM,8.31462574005127
1989,969,"65,34,38,73,74,76,108,83,86,88",340,70,21,0.5,0.3,LOW,8.481142282485962
1989,969,"34,99,38,71,103,76,50,62",340,60,18,0.5,0.3,HIGH,8.689584255218506
1989,969,"2,73,40,76,45,50,88,25,91,61,96",340,60,18,0.5,0.3,MEDIUM,8.725644826889038
1989,969,"1,76,17,83,84,97,33,43,54",340,60,18,0.5,0.3,LOW,8.832318782806396
1989,969,"66,99,100,50,83,85,86",340,50,15,0.5,0.3,HIGH,8.70266580581665
1989,969,"1,2,100,68,9,11,108,85,54,61",340,50,15,0.5,0.3,MEDIUM,8.697088718414307
1989,969,"34,66,100,72,74,108,15,88,61",340,50,15,0.5,0.3,LOW,10.76090145111084
1989,969,"33,65,100,38,6,9,12,79,17",340,40,12,0.5,0.3,HIGH,11.499088287353516
1989,969,"65,66,10,12,17,52,96,32",340,40,12,0.5,0.3,MEDIUM,11.692570447921753
1989,969,"33,68,72,74,11,45,85,88,89",340,40,12,0.5,0.3,LOW,11.84009575843811
1989,969,"100,38,103,107,108,76,83,85,91",340,30,9,0.5,0.3,HIGH,11.757317304611206
1989,969,"65,6,38,71,74,10,43,45,15,17,54,25,61",340,30,9,0.5,0.3,MEDIUM,11.884976148605347
1989,969,"1,6,11,17,25,34,33,40,108,61,52",340,30,9,0.5,0.3,LOW,11.966533184051514
1989,969,"35,103,9,10,107,76,73,52,25",340,20,6,0.5,0.3,HIGH,11.192424774169922
1989,969,"2,68,103,73,10,83,88,94,32",340,20,6,0.5,0.3,MEDIUM,10.626453161239624
1989,969,"2,68,6,71,73,74,17,89,103,43,45",330,150,45,0.5,0.3,HIGH,8.521083354949951
1989,969,"65,2,9,74,11,76,88,32,34,103,54,60",340,20,6,0.5,0.3,LOW,10.514750957489014
1989,969,"33,100,103,76,17,52,54,89,61,96",340,10,3,0.5,0.3,HIGH,10.563620328903198
1989,969,"2,9,11,12,76,17,96,33,34,60,61",340,10,3,0.5,0.3,MEDIUM,10.53569483757019
1989,969,"1,2,65,6,76,10,89,38,97,35,108,61",340,10,3,0.5,0.3,LOW,10.483875751495361
1989,969,"97,65,34,99,6,10,25,62,96",330,150,45,0.5,0.3,MEDIUM,7.472164630889893
1989,969,"2,34,39,72,74,12,79,50,83,54,88,61",330,150,45,0.5,0.3,LOW,7.5186333656311035
1989,969,"65,66,2,6,10,76,85,86,96,107,54",330,140,42,0.5,0.3,HIGH,7.427875280380249
1989,969,"65,2,97,71,72,103,74,17,50,52,86,54,60,61",330,140,42,0.5,0.3,MEDIUM,7.440841197967529
1989,969,"36,68,6,39,103,72,74,43,76,94,96",330,140,42,0.5,0.3,LOW,7.395960807800293
1989,969,"2,34,40,10,43,12,45,74,15,25,60",330,130,39,0.5,0.3,HIGH,7.395963907241821
1989,969,"72,10,74,79,83,84,88,25,97,34,45,61",330,130,39,0.5,0.3,MEDIUM,7.390932321548462
1989,969,"97,65,74,43,76,45,79,50,83,54,86,60,61",330,130,39,0.5,0.3,LOW,8.20707106590271
1989,969,"1,2,39,72,103,10,74,76,17,54,88,25,60,61",330,120,36,0.5,0.3,LOW,8.65261197090149
1989,969,"65,2,68,6,10,76,17,86,88,97,34,60",330,120,36,0.5,0.3,HIGH,9.178206443786621
1989,969,"66,6,74,12,17,88,96,97,99,38,60",330,120,36,0.5,0.3,MEDIUM,9.55520224571228
1989,969,"2,99,103,72,9,74,76,12,50,85,88,25",330,110,33,0.5,0.3,HIGH,9.315839290618896
1989,969,"65,2,6,72,73,10,15,17,50,52,54,25,96",330,110,33,0.5,0.3,LOW,9.463444471359253
1989,969,"65,66,97,72,74,76,79,50,60,94,96",330,110,33,0.5,0.3,MEDIUM,10.115699291229248
1989,969,"99,68,6,76,83,54,89,25,94,32",330,100,30,0.5,0.3,HIGH,8.824829816818237
1989,969,"65,72,10,74,25,97,34,38,39,107,45,54",330,100,30,0.5,0.3,MEDIUM,10.388645648956299
1989,969,"6,17,84,85,103,39,107,54,60,61",330,100,30,0.5,0.3,LOW,10.330803394317627
1989,969,"65,97,99,100,38,103,74,108,45,50,83,60,61",330,90,27,0.5,0.3,LOW,12.355387210845947
1989,969,"97,33,79,83,84,86,96",330,90,27,0.5,0.3,HIGH,13.015621900558472
1989,969,"34,2,100,74,107,43,79,83,52,86",330,90,27,0.5,0.3,MEDIUM,13.10039472579956
1989,969,"97,2,99,35,10,43,108,52,91,61",330,80,24,0.5,0.3,HIGH,13.066485166549683
1989,969,"2,35,72,74,76,83,84,54,86,25,61,32",330,80,24,0.5,0.3,MEDIUM,12.244253635406494
1989,969,"1,38,71,11,108,76,15,85,88",330,80,24,0.5,0.3,LOW,9.672129392623901
1989,969,"67,38,72,73,74,43,76,25,61,32",330,70,21,0.5,0.3,HIGH,11.15317153930664
1989,969,"33,1,97,103,107,11,54,25,61,94,96",330,70,21,0.5,0.3,LOW,11.099315643310547
1989,969,"97,39,74,43,11,108,76,85,86,54",330,70,21,0.5,0.3,MEDIUM,11.727634906768799
1989,969,"1,34,66,68,74,107,91,89",330,60,18,0.5,0.3,MEDIUM,10.971657514572144
1989,969,"2,74,11,79,85,36,38,45,52,61",330,60,18,0.5,0.3,HIGH,12.662135601043701
1989,969,"65,99,71,40,107,76,45,83,25,96",330,60,18,0.5,0.3,LOW,11.317732095718384
1989,969,"1,103,79,85,86,89,94",330,50,15,0.5,0.3,HIGH,10.749251365661621
1989,969,"65,97,68,100,71,73,76,108,83,85,61",330,50,15,0.5,0.3,MEDIUM,10.445065021514893
1989,969,"1,2,67,73,10,74,88,25,96,45,50",330,50,15,0.5,0.3,LOW,9.70105528831482
1989,969,"65,99,100,67,45,25,60,61,94,96",330,40,12,0.5,0.3,HIGH,10.508893966674805
1989,969,"6,10,79,83,25,61,62",330,40,12,0.5,0.3,MEDIUM,10.48994517326355
1989,969,"65,34,2,6,103,40,74,107,108,76,83,86",330,40,12,0.5,0.3,LOW,10.458030462265015
1989,969,"1,6,71,74,11,76,79,91,54,60,61",330,30,9,0.5,0.3,HIGH,10.242592334747314
1989,969,"97,35,68,2,103,72,73,10,74,12,25,60",330,30,9,0.5,0.3,MEDIUM,10.812418699264526
1989,969,"65,6,73,74,11,76,17,43,45,50",330,30,9,0.5,0.3,LOW,11.229434967041016
1989,969,"1,35,6,71,74,11,12,76,25,89,61",330,20,6,0.5,0.3,HIGH,11.063878297805786
1989,969,"65,97,99,34,103,72,107,108,84,96",330,20,6,0.5,0.3,MEDIUM,10.468470096588135
1989,969,"99,72,73,74,107,76,43,79,85,96",330,20,6,0.5,0.3,LOW,10.834491729736328
1989,969,"11,76,79,85,89,25,96,34,38,108,52",330,10,3,0.5,0.3,HIGH,11.112746715545654
1989,969,"12,76,79,17,25,96,33,36,52,60",330,10,3,0.5,0.3,MEDIUM,9.849141120910645
1989,969,"2,65,6,38,72,73,10,103,45,83,25,61",330,10,3,0.5,0.3,LOW,9.838818073272705
1989,969,"65,100,71,74,76,12,50,86,25,60,62",320,150,45,0.5,0.3,HIGH,8.488298177719116
1989,969,"33,35,38,103,10,79,83,25,62",320,150,45,0.5,0.3,LOW,7.724341869354248
1989,969,"36,68,39,9,43,83,25,61",320,150,45,0.5,0.3,MEDIUM,9.174691438674927
1989,969,"2,71,74,79,85,43,50,54,60,61",320,140,42,0.5,0.3,HIGH,9.986519813537598
1989,969,"6,73,74,76,25,34,39,103,45,61,62",320,140,42,0.5,0.3,MEDIUM,9.881800174713135
1989,969,"65,68,103,73,10,43,76,12,11,50,54,61",320,140,42,0.5,0.3,LOW,8.608205556869507
1989,969,"97,6,73,74,11,12,108,107,52,32",320,130,39,0.5,0.3,HIGH,8.171374320983887
1989,969,"1,6,72,11,12,107,15,17,52,25,61",320,130,39,0.5,0.3,MEDIUM,9.574621200561523
1989,969,"33,2,99,100,68,6,103,71,11,15",320,130,39,0.5,0.3,LOW,8.408739805221558
1989,969,"97,66,100,74,107,76,17,50,88,60",320,120,36,0.5,0.3,HIGH,8.417486429214478
1989,969,"65,97,99,68,100,103,72,74,76,108,88,61,96",320,120,36,0.5,0.3,MEDIUM,8.457381248474121
1989,969,"68,6,84,85,25,96,99,43,54,60",320,120,36,0.5,0.3,LOW,8.271876573562622
1989,969,"97,66,2,68,71,38,74,79,83,86,60",320,110,33,0.5,0.3,HIGH,8.429455280303955
1989,969,"97,34,38,74,10,11,84,25,91",320,110,33,0.5,0.3,MEDIUM,8.602991104125977
1989,969,"1,11,76,17,85,86,25,32,34,50,54",320,110,33,0.5,0.3,LOW,7.790165185928345
1989,969,"76,79,83,85,96,38,108,54,61,62",320,100,30,0.5,0.3,HIGH,7.98863410949707
1989,969,"1,2,67,74,11,76,83,96,97,34,38,107,61",320,100,30,0.5,0.3,MEDIUM,8.512234210968018
1989,969,"35,39,43,12,15,17,50,52,61",320,90,27,0.5,0.3,HIGH,7.947744607925415
1989,969,"73,74,79,83,85,25,97,107,108,45,50,61",320,100,30,0.5,0.3,LOW,8.995940923690796
1989,969,"2,73,10,76,88,25,35,103,43,45,50",320,90,27,0.5,0.3,LOW,8.196079969406128
1989,969,"67,68,99,103,84,86,89,96",320,90,27,0.5,0.3,MEDIUM,9.102655410766602
1989,969,"1,2,99,6,11,12,17,25,89,94",320,80,24,0.5,0.3,HIGH,9.352985620498657
1989,969,"65,2,34,39,72,10,12,45,54,89",320,80,24,0.5,0.3,MEDIUM,8.45438838005066
1989,969,"74,83,84,85,97,38,43,108,50,60,61",320,80,24,0.5,0.3,LOW,9.06675124168396
1989,969,"97,65,6,38,10,108,12,32,83,25,60,61,96",320,70,21,0.5,0.3,HIGH,8.431450366973877
1989,969,"65,68,72,11,17,25,96,97,34,103,43,108,52,61",320,70,21,0.5,0.3,MEDIUM,8.801460266113281
1989,969,"35,100,6,71,12,79,84,25",320,70,21,0.5,0.3,LOW,8.475333213806152
1989,969,"6,74,11,76,83,25,35,38,39,45,54,61",320,60,18,0.5,0.3,HIGH,8.58504056930542
1989,969,"65,66,35,68,67,103,76,108,60,96",320,60,18,0.5,0.3,MEDIUM,8.758575201034546
1989,969,"1,2,100,6,39,40,10,25,91",320,60,18,0.5,0.3,LOW,8.751594066619873
1989,969,"65,66,1,68,88,25,60,61,96",320,50,15,0.5,0.3,HIGH,8.678789138793945
1989,969,"1,2,33,97,38,39,10,43,12,60",320,50,15,0.5,0.3,MEDIUM,8.891221046447754
1989,969,"33,2,34,39,43,25,60,32",320,50,15,0.5,0.3,LOW,8.958041429519653
1989,969,"2,1,76,86,25,91,96,107,108,45,60,61",320,40,12,0.5,0.3,HIGH,9.154516220092773
1989,969,"6,103,72,39,74,108,84,88,89,61",320,40,12,0.5,0.3,MEDIUM,9.119610071182251
1989,969,"97,99,38,73,74,76,108,45,61,32",320,40,12,0.5,0.3,LOW,9.273199558258057
1989,969,"97,2,103,73,10,74,79,83,84,61",320,30,9,0.5,0.3,HIGH,9.274197101593018
1989,969,"33,66,2,6,73,74,10,108,89,25,61",320,30,9,0.5,0.3,MEDIUM,9.04281497001648
1989,969,"1,65,6,9,10,108,50,83,52",320,30,9,0.5,0.3,LOW,9.034836530685425
1989,969,"6,74,11,72,12,15,85,103,108,50,54,61",320,20,6,0.5,0.3,HIGH,9.225407600402832
1989,969,"33,2,34,6,72,74,43,45,17,52,88",320,20,6,0.5,0.3,MEDIUM,8.780742645263672
1989,969,"1,65,2,100,38,71,76,54,88,60",320,20,6,0.5,0.3,LOW,8.7727632522583
1989,969,"65,100,68,6,103,9,76,83,86,60,61",320,10,3,0.5,0.3,HIGH,8.680068731307983
1989,969,"1,74,11,76,83,25,99,36,103,62,60",320,10,3,0.5,0.3,MEDIUM,9.035118579864502
1989,969,"68,6,103,10,11,45,17,83,52,54,25",320,10,3,0.5,0.3,LOW,8.726942777633667
1989,969,"66,10,74,72,76,25,89,97,103,108,52,60",310,150,45,0.5,0.3,HIGH,7.136197566986084
1989,969,"65,97,68,74,108,83,85,88,61,96",310,150,45,0.5,0.3,MEDIUM,7.206927537918091
1989,969,"1,74,11,10,17,97,34,38,43,108,45,50",310,150,45,0.5,0.3,LOW,6.801865816116333
1989,969,"2,100,40,9,74,12,76,83,25,60",310,140,42,0.5,0.3,HIGH,6.97739577293396
1989,969,"66,38,108,50,88,89,25,94",310,140,42,0.5,0.3,MEDIUM,7.008256912231445
1989,969,"97,2,6,71,10,73,45,79,17,25,32",310,140,42,0.5,0.3,LOW,7.164838075637817
1989,969,"65,2,85,25,32,97,100,108,52,61",310,130,39,0.5,0.3,HIGH,7.152870178222656
1989,969,"2,38,103,10,11,108,76,83,85,54,25,96,32",310,130,39,0.5,0.3,MEDIUM,7.2426300048828125
1989,969,"6,72,10,11,91,94,103,60,61",310,130,39,0.5,0.3,LOW,7.28651237487793
1989,969,"2,99,68,103,72,73,74,76,45,50,83,86",310,120,36,0.5,0.3,HIGH,7.315435171127319
1989,969,"97,67,100,99,103,72,9,76,17,60,61",310,120,36,0.5,0.3,MEDIUM,7.454064130783081
1989,969,"97,2,99,103,107,108,83,91,61,94",310,120,36,0.5,0.3,LOW,7.522880554199219
1989,969,"33,68,6,72,10,15,88,89,61,96",310,110,33,0.5,0.3,HIGH,7.531856298446655
1989,969,"97,2,68,36,103,99,74,11,76,108,79,54,61",310,110,33,0.5,0.3,MEDIUM,7.519888162612915
1989,969,"1,2,68,6,38,71,9,74,11,108,15,54",310,110,33,0.5,0.3,LOW,7.440101861953735
1989,969,"35,39,108,76,83,54,25,96",310,100,30,0.5,0.3,HIGH,7.526870012283325
1989,969,"97,34,1,65,72,17,86,89,91",310,100,30,0.5,0.3,MEDIUM,7.603663682937622
1989,969,"97,65,66,35,99,38,72,74,108,76,54,96",310,100,30,0.5,0.3,LOW,7.707387208938599
1989,969,"2,68,72,10,76,74,83,32,36,39,52",310,90,27,0.5,0.3,HIGH,8.193087816238403
1989,969,"65,34,99,6,91,71,103,12,45",310,90,27,0.5,0.3,MEDIUM,8.008580684661865
1989,969,"97,2,36,1,39,10,12,108,76,17,60",310,90,27,0.5,0.3,LOW,7.961706638336182
1989,969,"65,1,67,68,97,36,108,54,91",310,80,24,0.5,0.3,HIGH,8.228991508483887
1989,969,"67,68,74,83,34,99,39,45,50,52,61",310,80,24,0.5,0.3,MEDIUM,8.176133394241333
1989,969,"35,68,38,40,11,45,52,54,25",310,80,24,0.5,0.3,LOW,8.18012285232544
1989,969,"34,36,72,103,74,39,76,50,85,86,25,61",310,70,21,0.5,0.3,HIGH,8.160176038742065
1989,969,"1,66,34,68,39,10,12,17,83,61",310,70,21,0.5,0.3,LOW,8.138234853744507
1989,969,"99,68,100,71,74,43,50,86,91,61",310,70,21,0.5,0.3,MEDIUM,9.912490129470825
1989,969,"34,67,68,6,74,76,12,45,15,50,54,25,61",310,60,18,0.5,0.3,HIGH,8.115295886993408
1989,969,"65,72,73,74,11,85,86,89,25,34",310,60,18,0.5,0.3,LOW,10.293470621109009
1989,969,"1,65,66,68,2,39,9,10,17,50,25,61",310,50,15,0.5,0.3,MEDIUM,8.793482303619385
1989,969,"1,2,68,6,73,12,76,25,96,97,39,103,52",310,60,18,0.5,0.3,MEDIUM,12.928423404693604
1989,969,"65,73,74,79,17,96,34,99,38,103,54,60",310,50,15,0.5,0.3,HIGH,13.166785478591919
1989,969,"2,100,38,72,76,85,60,61,32",310,50,15,0.5,0.3,LOW,11.346748352050781
1989,969,"65,2,6,72,10,12,25,96,97,33,35,61",310,40,12,0.5,0.3,MEDIUM,10.460119009017944
1989,969,"2,6,74,84,88,25,96,97,33,103,108,60,61",310,40,12,0.5,0.3,HIGH,12.442816495895386
1989,969,"2,34,68,38,6,103,73,107,45,61,62,96",310,40,12,0.5,0.3,LOW,8.584136247634888
1989,969,"66,103,108,83,25,91,60,96",310,30,9,0.5,0.3,HIGH,9.1556077003479
1989,969,"65,1,6,72,74,83,84,88,25,34,60,61",310,30,9,0.5,0.3,MEDIUM,9.20348072052002
1989,969,"74,11,108,45,83,84,52,86,91",310,30,9,0.5,0.3,LOW,7.866064071655273
1989,969,"97,2,6,40,10,73,12,76,52,25,32",310,20,6,0.5,0.3,HIGH,8.126266241073608
1989,969,"65,97,72,73,74,108,76,89,60,61,96",310,20,6,0.5,0.3,MEDIUM,7.973674297332764
1989,969,"100,6,103,85,88,94,96",310,20,6,0.5,0.3,LOW,8.801596641540527
1989,969,"97,2,67,68,99,73,74,76,88,25,61,62",310,10,3,0.5,0.3,MEDIUM,8.132385969161987
1989,969,"10,11,76,72,79,25,97,43,107,52,60,61",310,10,3,0.5,0.3,HIGH,8.969148635864258
1989,969,"65,66,68,9,11,100,36,103,50",310,10,3,0.5,0.3,LOW,8.34717869758606
1989,969,"68,10,76,85,88,97,99,39,103,107",300,150,45,0.5,0.3,HIGH,7.846567869186401
1989,969,"99,68,38,73,74,76,108,85,89,25,60,61",300,150,45,0.5,0.3,LOW,7.0116987228393555
1989,969,"97,68,103,74,43,108,79,85,86,54,61",300,150,45,0.5,0.3,MEDIUM,7.846764802932739
1989,969,"34,67,68,103,72,9,76,108,84,60,61",300,140,42,0.5,0.3,HIGH,7.4746716022491455
1989,969,"103,74,108,76,83,88,91",300,140,42,0.5,0.3,MEDIUM,7.535509824752808
1989,969,"66,68,103,43,76,12,84,25,61,96",300,140,42,0.5,0.3,LOW,7.374938488006592
1989,969,"6,72,15,97,35,50",300,130,39,0.5,0.3,HIGH,7.376566410064697
1989,969,"1,2,34,6,71,9,10,12,76,25",300,130,39,0.5,0.3,MEDIUM,7.3934712409973145
1989,969,"97,100,103,74,43,76,50,83,52,86,54,96",300,130,39,0.5,0.3,LOW,7.43546199798584
1989,969,"71,72,74,11,12,79,17,83,88,25,96",300,120,36,0.5,0.3,HIGH,7.533898830413818
1989,969,"97,100,103,9,74,11,108,45,79,94",300,120,36,0.5,0.3,MEDIUM,7.435766696929932
1989,969,"97,99,100,68,72,74,45,83,52,94,96",300,120,36,0.5,0.3,LOW,7.472683668136597
1989,969,"97,65,103,39,74,108,86,89,96",300,110,33,0.5,0.3,HIGH,7.5615763664245605
1989,969,"2,6,9,10,11,76,25,97,38,107,108,43,50,60",300,110,33,0.5,0.3,MEDIUM,7.50173807144165
1989,969,"1,100,103,9,10,12,50,52,96",300,110,33,0.5,0.3,LOW,7.390746593475342
1989,969,"97,99,68,6,72,9,10,107,76,17,54,96",300,100,30,0.5,0.3,HIGH,6.956947326660156
1989,969,"97,100,103,71,108,17,83,86,54,25",300,100,30,0.5,0.3,MEDIUM,6.920045614242554
1989,969,"68,6,72,89,96,97,40,43,108,50,60",300,100,30,0.5,0.3,LOW,6.485754013061523
1989,969,"65,2,6,17,25,91,97,34,36,40,50,61",300,90,27,0.5,0.3,HIGH,6.610454082489014
1989,969,"1,68,99,9,43,52,85,60,96",300,90,27,0.5,0.3,MEDIUM,6.670165061950684
1989,969,"33,2,34,65,39,108,10,107,83",300,90,27,0.5,0.3,LOW,6.75247597694397
1989,969,"67,68,74,107,108,86,88,89",300,80,24,0.5,0.3,HIGH,7.09098744392395
1989,969,"2,35,38,40,10,43,74,76,45,60,61",300,80,24,0.5,0.3,MEDIUM,7.102913856506348
1989,969,"1,97,6,38,43,15,79,17,25,60",300,80,24,0.5,0.3,LOW,6.993655204772949
1989,969,"1,2,33,36,100,6,68,11,25,60,61",300,70,21,0.5,0.3,HIGH,7.411384582519531
1989,969,"33,2,35,68,39,73,10,11,45",300,70,21,0.5,0.3,LOW,6.9366044998168945
1989,969,"2,34,6,39,72,9,76,17,52,96,32",300,70,21,0.5,0.3,MEDIUM,7.588860273361206
1989,969,"97,67,103,79,52,54,88,89,25,61",300,60,18,0.5,0.3,HIGH,6.957605600357056
1989,969,"2,97,1,67,43,108,76,89,61",300,60,18,0.5,0.3,MEDIUM,7.484114170074463
1989,969,"97,99,68,103,72,74,79,83,86,88",300,60,18,0.5,0.3,LOW,7.087176084518433
1989,969,"2,68,6,40,10,12,76,108,17,50,91",300,50,15,0.5,0.3,HIGH,7.126540184020996
1989,969,"97,2,65,100,34,6,40,72,74,17,50,61",300,50,15,0.5,0.3,MEDIUM,6.896233797073364
1989,969,"2,68,73,74,88,25,91,96,103,108,50,54",300,50,15,0.5,0.3,LOW,6.906207799911499
1989,969,"2,35,38,6,73,10,60,94,32",300,40,12,0.5,0.3,HIGH,6.698761463165283
1989,969,"68,71,72,6,76,89,96,33,34,97,50,54,61",300,40,12,0.5,0.3,MEDIUM,6.513667106628418
1989,969,"2,68,72,74,10,76,15,86,25,96,99,97,34,45,50",300,40,12,0.5,0.3,LOW,6.374549388885498
1989,969,"1,2,33,34,68,38,65,73,74,76,17,50,61,96",300,30,9,0.5,0.3,HIGH,6.263552188873291
1989,969,"2,12,85,97,100,38,43,108,45,54,60",300,30,9,0.5,0.3,MEDIUM,6.313501596450806
1989,969,"97,2,6,12,85,88,25,32,94,96",300,30,9,0.5,0.3,LOW,6.683853387832642
1989,969,"97,99,100,68,103,43,108,83,60,61",300,20,6,0.5,0.3,HIGH,6.664964437484741
1989,969,"68,73,43,45,52,88,89",300,20,6,0.5,0.3,MEDIUM,6.908315181732178
1989,969,"34,35,72,9,10,76,108,79,89,25",300,20,6,0.5,0.3,LOW,6.514965057373047
1989,969,"2,66,6,9,12,25,97,36,38,60",300,10,3,0.5,0.3,HIGH,6.786731719970703
1989,969,"1,34,33,6,38,74,12,15,25,32",300,10,3,0.5,0.3,MEDIUM,6.833899021148682
1989,969,"99,100,103,107,108,85,86",300,10,3,0.5,0.3,LOW,7.179480075836182
1989,969,"39,10,11,45,86,54,89,61,32",290,150,45,0.5,0.3,HIGH,6.0710296630859375
1989,969,"65,2,6,76,50,52,84,96",290,150,45,0.5,0.3,MEDIUM,5.9682440757751465
1989,969,"65,97,99,2,35,103,72,74,76,94,96",290,150,45,0.5,0.3,LOW,6.412840366363525
1989,969,"65,72,9,108,76,52,54,89,25,91",290,140,42,0.5,0.3,HIGH,6.454174757003784
1989,969,"1,103,74,45,15,52,54,89",290,140,42,0.5,0.3,MEDIUM,6.4591593742370605
1989,969,"66,12,76,15,79,85,91,61",290,140,42,0.5,0.3,LOW,6.52797532081604
1989,969,"1,2,34,6,38,9,11,108,45,76,50",290,130,39,0.5,0.3,HIGH,6.432819843292236
1989,969,"68,100,103,108,76,83,84,86,60,61,96",290,130,39,0.5,0.3,LOW,6.048978090286255
1989,969,"97,99,68,100,103,76,79,50,52,54,61,96",290,130,39,0.5,0.3,MEDIUM,6.210546016693115
1989,969,"34,36,6,39,40,38,79,17,25,61",290,120,36,0.5,0.3,HIGH,5.807835578918457
1989,969,"65,68,6,10,15,88,25,36,107,108",290,120,36,0.5,0.3,MEDIUM,5.927473306655884
1989,969,"1,2,38,103,40,9,11,43,50,54,96",290,120,36,0.5,0.3,LOW,5.708076000213623
1989,969,"66,38,74,10,76,52,85,86,96",290,110,33,0.5,0.3,HIGH,6.065326452255249
1989,969,"2,6,10,94,96,97,100,103,108,54,61",290,110,33,0.5,0.3,MEDIUM,5.875792503356934
1989,969,"2,38,103,40,10,11,108,50,25,61,96,32",290,110,33,0.5,0.3,LOW,5.644455909729004
1989,969,"1,65,15,85,33,97,39,103,50",290,100,30,0.5,0.3,HIGH,5.960610628128052
1989,969,"65,2,67,68,6,39,10,76,83,54,89,61",290,100,30,0.5,0.3,MEDIUM,5.852899074554443
1989,969,"103,71,107,17,86,89,96",290,100,30,0.5,0.3,LOW,5.9417502880096436
1989,969,"33,2,34,38,108,73,50,88,25,32",290,90,27,0.5,0.3,HIGH,5.867039918899536
1989,969,"34,68,38,40,43,11,52,25,32",290,90,27,0.5,0.3,MEDIUM,6.1124725341796875
1989,969,"34,71,74,107,76,83,88,91",290,90,27,0.5,0.3,LOW,5.949852466583252
1989,969,"2,34,36,89,12,76,50,88,25,60,61",290,80,24,0.5,0.3,HIGH,6.13622522354126
1989,969,"65,72,17,89,96,32,34,99,38",290,80,24,0.5,0.3,MEDIUM,6.23599910736084
1989,969,"71,10,74,76,17,89,96,34,38,103,50,52",290,80,24,0.5,0.3,LOW,6.124297618865967
1989,969,"34,35,68,72,74,108,12,76,15,25,61,32",290,70,21,0.5,0.3,HIGH,6.478384256362915
1989,969,"65,97,35,100,103,10,85,25,62,96",290,70,21,0.5,0.3,MEDIUM,6.254873514175415
1989,969,"97,6,71,12,83,86,89,94",290,70,21,0.5,0.3,LOW,5.985300302505493
1989,969,"99,100,68,40,74,108,76,89,61,62",290,60,18,0.5,0.3,HIGH,6.288523435592651
1989,969,"65,97,67,68,72,76,79,85,54,89,61",290,60,18,0.5,0.3,MEDIUM,6.112942218780518
1989,969,"65,34,39,74,15,17,52,54,61",290,60,18,0.5,0.3,LOW,5.951369047164917
1989,969,"1,36,68,6,103,10,11,45,15,60,61",290,50,15,0.5,0.3,HIGH,5.986276149749756
1989,969,"1,6,71,73,76,88,25,38,39,60,61",290,50,15,0.5,0.3,MEDIUM,5.669035911560059
1989,969,"74,10,94,96,97,100,103,108,54,61",290,50,15,0.5,0.3,LOW,5.93935489654541
1989,969,"97,36,103,72,74,108,45,85,86,96",290,40,12,0.5,0.3,HIGH,5.827842950820923
1989,969,"97,71,72,74,76,108,88,60,61,96",290,40,12,0.5,0.3,MEDIUM,5.953472137451172
1989,969,"1,2,99,6,38,72,9,74,11,43,103,50,25,61",290,40,12,0.5,0.3,LOW,5.552649974822998
1989,969,"97,38,40,72,10,43,45,15,50,25,61",290,30,9,0.5,0.3,HIGH,5.757910966873169
1989,969,"1,97,34,100,68,38,72,9,74,43,76",290,30,9,0.5,0.3,MEDIUM,5.757911443710327
1989,969,"65,97,34,72,74,43,108,85,54,61,94",290,30,9,0.5,0.3,LOW,5.66412878036499
1989,969,"72,74,43,76,45,79,50,84,89,60,61",290,20,6,0.5,0.3,HIGH,6.105951547622681
1989,969,"74,73,17,86,25,96,103,108,50,52,54",290,20,6,0.5,0.3,MEDIUM,6.015005588531494
1989,969,"99,100,40,43,45,17,54,25",290,20,6,0.5,0.3,LOW,5.985148906707764
1989,969,"76,84,32,33,43,50,54,61",290,10,3,0.5,0.3,HIGH,6.40971827507019
1989,969,"33,2,67,11,107,83,32",280,150,45,0.5,0.3,HIGH,5.083560228347778
1989,969,"99,34,6,68,72,74,76,45,54,88,89,61",290,10,3,0.5,0.3,MEDIUM,6.430957078933716
1989,969,"1,2,34,97,72,9,12,45,76,50,25,61",290,10,3,0.5,0.3,LOW,6.421980381011963
1989,969,"65,34,97,68,100,38,9,107,76,12,54,61",280,150,45,0.5,0.3,MEDIUM,5.328399181365967
1989,969,"103,9,74,45,79,86,91,60,61,96",280,150,45,0.5,0.3,LOW,5.530860185623169
1989,969,"36,2,100,39,12,108,54,25,91",280,140,42,0.5,0.3,HIGH,5.674412727355957
1989,969,"66,6,72,17,83,84,43,50,54,61",280,140,42,0.5,0.3,MEDIUM,5.665435552597046
1989,969,"72,73,17,83,86,25,97,100,38,108,50,54",280,140,42,0.5,0.3,LOW,5.405132055282593
1989,969,"1,2,34,36,100,38,68,107,74,17,54,61",280,130,39,0.5,0.3,HIGH,5.721286296844482
1989,969,"1,65,68,40,74,76,86,54,25,61,62",280,130,39,0.5,0.3,MEDIUM,5.673413276672363
1989,969,"33,2,97,68,72,10,11,15,17,84",280,130,39,0.5,0.3,LOW,5.495302438735962
1989,969,"36,39,103,11,45,54,32",280,120,36,0.5,0.3,HIGH,5.278880596160889
1989,969,"34,2,68,65,38,36,76,50,84,52,88",280,120,36,0.5,0.3,MEDIUM,5.377618074417114
1989,969,"1,2,38,10,11,43,45,50,52,25,60,61",280,120,36,0.5,0.3,LOW,5.4534149169921875
1989,969,"33,2,66,1,38,10,12,108,96",280,110,33,0.5,0.3,HIGH,5.326753854751587
1989,969,"2,34,68,74,108,15,84,52,86,60,61",280,110,33,0.5,0.3,MEDIUM,5.490315675735474
1989,969,"97,99,68,2,6,103,72,10,108,52,25,96",280,110,33,0.5,0.3,LOW,5.5661139488220215
1989,969,"65,35,72,76,45,79,52,96,32",280,100,30,0.5,0.3,HIGH,5.566114187240601
1950,950,"97,6,74,107,52,88,89,91,96",280,100,30,0.5,0.3,MEDIUM,5.477351903915405
1989,969,"97,2,100,68,72,43,12,107,50,86,25",280,100,30,0.5,0.3,LOW,5.586060285568237
1989,969,"2,68,72,74,15,17,83,25,34,97,96,103,52,54",280,90,27,0.5,0.3,MEDIUM,5.7346625328063965
1989,969,"65,68,12,17,89,25,35,45,50,52",280,90,27,0.5,0.3,HIGH,5.798491954803467
1989,969,"65,2,66,6,74,11,76,25,96,34,100,38,103",280,90,27,0.5,0.3,LOW,5.694769620895386
1989,969,"68,71,76,17,84,25,34,99,38,108,61",280,80,24,0.5,0.3,HIGH,5.699756145477295
1989,969,"1,2,9,76,15,17,25,32,45,50",280,80,24,0.5,0.3,MEDIUM,5.638918876647949
1989,969,"97,2,67,36,68,6,103,1,17,83,54,61",280,80,24,0.5,0.3,LOW,5.724689960479736
1989,969,"65,2,72,9,86,25,32,97,38,108,54,60",280,70,21,0.5,0.3,HIGH,5.541180610656738
1989,969,"33,65,2,100,39,108,76,86,61,32",280,70,21,0.5,0.3,MEDIUM,5.648892402648926
1989,969,"65,35,99,103,72,74,50,83,52,85,61",280,70,21,0.5,0.3,LOW,5.681804180145264
1989,969,"34,35,68,103,43,108,85,54,25,94",280,60,18,0.5,0.3,HIGH,5.75460958480835
1989,969,"1,68,71,10,43,74,91,61",280,60,18,0.5,0.3,MEDIUM,5.819436550140381
1989,969,"99,68,38,71,72,73,74,76,108,79,50,61",280,60,18,0.5,0.3,LOW,5.739649772644043
1989,969,"1,99,68,100,6,103,38,79,54,89,61",280,50,15,0.5,0.3,HIGH,5.469372510910034
1989,969,"1,34,6,38,103,10,76,17,52,25,61",280,50,15,0.5,0.3,MEDIUM,5.440449237823486
1989,969,"1,6,72,86,25,96,97,35,39,108,60,61",280,50,15,0.5,0.3,LOW,5.601020097732544
1989,969,"97,35,68,72,10,11,76,74,12,79,17,83,61",280,40,12,0.5,0.3,HIGH,5.8463640213012695
1989,969,"65,10,11,76,88,25,91,96,39,108,60",280,40,12,0.5,0.3,MEDIUM,5.712721109390259
1989,969,"65,6,71,10,74,76,11,17,25,34,100,103,54,60",280,40,12,0.5,0.3,LOW,5.539186000823975
1989,969,"34,67,10,43,17,94,32",280,30,9,0.5,0.3,HIGH,5.766577482223511
1989,969,"97,2,72,74,76,83,84,85,54,86,25,62",280,30,9,0.5,0.3,MEDIUM,5.750620603561401
1989,969,"6,72,74,76,17,86,25,91,34,39,108,50,61",280,30,9,0.5,0.3,LOW,6.023889541625977
1989,969,"2,103,9,73,10,11,107,85,54",280,20,6,0.5,0.3,HIGH,6.084727048873901
1989,969,"65,68,72,108,45,52,86,60,61,96",280,20,6,0.5,0.3,MEDIUM,6.301148176193237
1989,969,"65,34,68,72,10,76,45,15,83,91,61,96",280,20,6,0.5,0.3,LOW,6.152543783187866
1989,969,"1,68,103,72,9,10,74,12,43,85,25",280,10,3,0.5,0.3,HIGH,6.273223161697388
1989,969,"2,68,10,12,25,97,99,43,107,108,50,60",280,10,3,0.5,0.3,MEDIUM,6.187452077865601
1989,969,"1,2,36,6,10,11,12,17,25",280,10,3,0.5,0.3,LOW,6.0887157917022705
1989,969,"65,1,6,103,40,72,45,50,83,61",270,150,45,0.5,0.3,HIGH,4.796173810958862
1989,969,"33,35,100,36,103,88,25,96",270,150,45,0.5,0.3,MEDIUM,4.419180870056152
1989,969,"97,2,6,39,10,12,76,50,25,60,61,32",270,150,45,0.5,0.3,LOW,4.638594150543213
1989,969,"67,10,11,12,76,86,103,45,50,54,60",270,140,42,0.5,0.3,HIGH,4.719377517700195
1989,969,"65,68,10,107,11,83,84,89",270,140,42,0.5,0.3,MEDIUM,4.428156852722168
1989,969,"99,68,73,12,15,52,32",270,140,42,0.5,0.3,LOW,4.71937894821167
1989,969,"67,103,12,15,50,83",270,130,39,0.5,0.3,MEDIUM,4.633955717086792
1989,969,"34,66,65,103,74,10,79,83,52,54,25",270,130,39,0.5,0.3,HIGH,4.786598205566406
1989,969,"33,6,38,9,10,43,11,17,54,25,60,61",270,130,39,0.5,0.3,LOW,5.171997547149658
1989,969,"1,2,35,6,40,72,76,108,17,84,25",270,120,36,0.5,0.3,HIGH,5.233889818191528
1989,969,"97,68,71,107,108,11,45,17,94,61,96",270,120,36,0.5,0.3,LOW,5.233835697174072
1989,969,"65,68,6,38,11,108,17,50,52,54,25,61,32",270,120,36,0.5,0.3,MEDIUM,5.4343578815460205
1989,969,"2,6,45,15,25,60,62",270,110,33,0.5,0.3,HIGH,5.64678955078125
1989,969,"99,68,71,72,103,76,83,88,89,96",270,110,33,0.5,0.3,MEDIUM,5.460435152053833
1989,969,"35,100,68,103,73,74,108,52,25,60,61",270,110,33,0.5,0.3,LOW,5.542206287384033
1989,969,"33,2,38,40,10,43,17,50,25",270,100,30,0.5,0.3,HIGH,5.238588333129883
1989,969,"65,97,6,72,74,10,76,108,50,84,88,89",270,100,30,0.5,0.3,MEDIUM,5.156749963760376
1989,969,"97,99,73,15,17,52,54,25,94,96",270,100,30,0.5,0.3,LOW,5.09197735786438
1989,969,"2,68,72,73,76,25,94,100,103,54,60",270,90,27,0.5,0.3,HIGH,5.026094675064087
1989,969,"2,68,11,74,76,79,17,85,86,32,97,43",270,90,27,0.5,0.3,MEDIUM,4.981094837188721
1989,969,"76,17,83,86,25,91,97,34,100,103,50,54,61",270,90,27,0.5,0.3,LOW,5.096288681030273
1989,969,"65,2,66,40,9,11,76,54,91",270,80,24,0.5,0.3,HIGH,5.112245798110962
1989,969,"34,99,68,6,73,43,108,79",270,80,24,0.5,0.3,MEDIUM,4.8912153244018555
1989,969,"6,38,72,103,43,50,85,25,89,61,32",270,80,24,0.5,0.3,LOW,5.209513187408447
1989,969,"100,73,74,76,108,79,50,83,52,60,61,96",270,70,21,0.5,0.3,HIGH,5.170616865158081
1989,969,"65,97,2,68,72,108,83,60,96",270,70,21,0.5,0.3,MEDIUM,5.233275413513184
1989,969,"2,68,10,25,34,36,40,60,61",270,70,21,0.5,0.3,LOW,5.487824201583862
1989,969,"97,67,68,71,103,74,108,79,94,96",270,60,18,0.5,0.3,MEDIUM,5.8608479499816895
1989,969,"2,73,74,11,12,76,9,17,83,96,97,52,61",270,60,18,0.5,0.3,HIGH,6.09951376914978
1989,969,"97,36,38,9,74,43,108,11,79,17,61",270,60,18,0.5,0.3,LOW,7.064931631088257
1989,969,"99,100,36,103,74,12,85,60,61,96",270,50,15,0.5,0.3,HIGH,7.1826136112213135
1989,969,"65,2,12,17,85,25,35,43,45,50,60",270,50,15,0.5,0.3,LOW,8.14578366279602
1989,969,"97,40,73,10,11,76,72,54,88,60",270,50,15,0.5,0.3,MEDIUM,8.4388747215271
1989,969,"97,1,71,40,11,79,84,54,96",270,40,12,0.5,0.3,HIGH,8.646582841873169
1989,969,"1,68,6,74,76,12,79,25,89,45,52,54,61",270,40,12,0.5,0.3,MEDIUM,8.774343013763428
1989,969,"33,1,2,65,9,12,50,88",270,40,12,0.5,0.3,LOW,8.985811233520508
1989,969,"2,65,36,34,60,11,50,52,54,85,61",270,30,9,0.5,0.3,HIGH,7.411561727523804
1989,969,"34,100,38,103,107,76,43,79,86",270,30,9,0.5,0.3,MEDIUM,7.065488576889038
1989,969,"99,6,72,9,52,54,89,62,96",270,30,9,0.5,0.3,LOW,6.768710374832153
1989,969,"33,2,68,34,71,10,43,11,76,62,96",270,20,6,0.5,0.3,HIGH,6.9691245555877686
1989,969,"2,36,71,72,103,76,83,54,88,60,96",270,20,6,0.5,0.3,MEDIUM,5.934120178222656
1989,969,"68,17,85,25,96,33,34,99,103,54,60",270,20,6,0.5,0.3,LOW,6.530544281005859
1989,969,"36,68,39,72,43,12,45,50,54,60",270,10,3,0.5,0.3,HIGH,7.339768886566162
1989,969,"2,65,68,6,74,76,12,25,94,103,50,52,54",270,10,3,0.5,0.3,MEDIUM,6.851828098297119
1989,969,"68,73,10,74,76,85,88,25,99,36,50",260,150,45,0.5,0.3,HIGH,6.374181509017944
1989,969,"2,67,33,72,74,15,17,83,84",260,150,45,0.5,0.3,MEDIUM,6.2674665451049805
1989,969,"65,6,74,11,79,97,38,39,103,50,52,54,61",270,10,3,0.5,0.3,LOW,8.037731170654297
1989,969,"72,40,74,10,84,88,89,60",260,150,45,0.5,0.3,LOW,6.022779226303101
1989,969,"1,35,68,6,40,73,74,11,79,54",260,140,42,0.5,0.3,HIGH,5.482447385787964
1989,969,"97,66,6,74,76,50,83,88,25,91,61,96",260,140,42,0.5,0.3,LOW,4.908246278762817
1989,969,"2,6,72,43,45,84,25,60,61,94",260,140,42,0.5,0.3,MEDIUM,5.1118011474609375
1989,969,"1,38,9,74,72,108,11,50,85,61,32",260,130,39,0.5,0.3,HIGH,4.426451206207275
1989,969,"35,68,6,73,107,76,45,25,60,96",260,130,39,0.5,0.3,MEDIUM,4.4155285358428955
1989,969,"34,100,68,103,107,83,89,61,96",260,130,39,0.5,0.3,LOW,4.3187878131866455
1989,969,"65,2,99,35,34,6,103,74,11,10,76,50,62",260,120,36,0.5,0.3,HIGH,4.25885796546936
1989,969,"1,66,100,6,38,10,74,76,11,54,25,60,61,96",260,120,36,0.5,0.3,MEDIUM,4.474108934402466
1989,969,"65,2,76,10,25,6,97,71,33,34,54",260,120,36,0.5,0.3,LOW,4.497103691101074
1989,969,"10,17,85,97,107,45,60,61,62",260,110,33,0.5,0.3,HIGH,4.4871320724487305
1989,969,"71,10,17,83,84,25,89,107",260,110,33,0.5,0.3,MEDIUM,4.6406776905059814
1989,969,"97,67,99,68,103,74,12,50,25,96",260,110,33,0.5,0.3,LOW,4.603941917419434
1989,969,"2,9,74,76,85,86,97,99,100,50,52",260,100,30,0.5,0.3,HIGH,4.650815725326538
1989,969,"2,66,67,68,6,79,17,50,25,89,61",260,100,30,0.5,0.3,MEDIUM,4.92714524269104
1989,969,"36,68,6,100,38,72,74,11,45,50,83,25",260,100,30,0.5,0.3,LOW,4.835391044616699
1989,969,"68,36,74,76,45,50,83,54,25,89,61,32",260,90,27,0.5,0.3,HIGH,4.742830276489258
1989,969,"68,100,74,76,108,83,86,54,61,94",260,90,27,0.5,0.3,MEDIUM,4.774746656417847
1989,969,"97,67,38,39,12,85,62,96",260,90,27,0.5,0.3,LOW,4.77988862991333
1989,969,"97,2,74,107,83,85,54,89,25,61",260,80,24,0.5,0.3,MEDIUM,4.439586400985718
1989,969,"97,103,72,74,12,15,86,88",260,80,24,0.5,0.3,HIGH,4.9353039264678955
1989,969,"72,73,74,10,71,11,76,88,96,99,60",260,80,24,0.5,0.3,LOW,4.30093789100647
1989,969,"65,68,72,9,6,10,76,25,97,99,103,39,54,61",260,70,21,0.5,0.3,HIGH,4.452426910400391
1989,969,"1,6,74,10,76,11,15,83,25,96,100,38",260,70,21,0.5,0.3,MEDIUM,4.3537375926971436
1989,969,"65,68,9,10,76,74,32,97,96,38,108,54,60",260,70,21,0.5,0.3,LOW,4.644960165023804
1989,969,"38,72,9,73,11,43,45,88,60",260,60,18,0.5,0.3,MEDIUM,4.66573691368103
1989,969,"2,68,72,10,76,12,17,25,33,97,40,60,61",260,60,18,0.5,0.3,HIGH,4.748516082763672
1989,969,"6,71,9,74,76,79,83,99,38,43,108",260,60,18,0.5,0.3,LOW,4.680654287338257
1989,969,"97,65,34,12,45,17,52",260,50,15,0.5,0.3,HIGH,4.5878517627716064
1989,969,"67,68,38,103,39,74,17,50,83,25,94",260,50,15,0.5,0.3,MEDIUM,4.859227418899536
1989,969,"97,65,68,103,72,74,107,76,79,60,61,96",260,40,12,0.5,0.3,HIGH,4.437307596206665
1989,969,"65,2,10,11,97,103,50,52,61",260,50,15,0.5,0.3,LOW,4.9000701904296875
1989,969,"73,107,17,50,85,89,61,94",260,40,12,0.5,0.3,MEDIUM,4.695819139480591
1989,969,"65,97,68,71,103,74,108,86,60,94,96",260,40,12,0.5,0.3,LOW,4.803579807281494
1989,969,"65,2,68,10,12,83,89,97,36",260,30,9,0.5,0.3,HIGH,4.718806028366089
1989,969,"35,68,38,39,74,76,45,50,86,25,89,61",260,30,9,0.5,0.3,MEDIUM,4.80158543586731
1989,969,"33,65,6,103,74,11,79,17,50,25,91",260,30,9,0.5,0.3,LOW,4.9584290981292725
1989,969,"1,6,10,74,84,100,39,43,54,60,61",260,20,6,0.5,0.3,MEDIUM,4.565479755401611
1989,969,"97,34,100,103,71,76,108,79,86,60",260,20,6,0.5,0.3,HIGH,5.019422769546509
1989,969,"10,17,96,32,97,34,43,108,45,52,60",260,10,3,0.5,0.3,HIGH,4.844874620437622
1989,969,"97,65,67,100,39,103,43,108,76,50,54",260,20,6,0.5,0.3,LOW,5.150035858154297
1989,969,"34,38,71,72,74,108,76,85,86,89",260,10,3,0.5,0.3,LOW,4.774245500564575
1989,969,"99,65,103,107,11,17,83,86,54,60,61",260,10,3,0.5,0.3,MEDIUM,5.236010313034058
1989,969,"65,1,2,36,10,74,45,86,54,60,61,96",250,150,45,0.5,0.3,MEDIUM,3.492560863494873
1989,969,"65,67,38,6,73,74,108,45,17,50,60,96",250,150,45,0.5,0.3,HIGH,3.890495538711548
1989,969,"34,99,100,72,11,15,86,54",250,150,45,0.5,0.3,LOW,3.9801883697509766
1989,969,"97,45,79,25,94,96",250,140,42,0.5,0.3,MEDIUM,3.8436686992645264
1989,969,"100,38,103,76,79,50,52,88,61,96,32",250,140,42,0.5,0.3,HIGH,4.1707234382629395
1989,969,"2,34,6,38,9,73,74,12,17,83,54,25",250,140,42,0.5,0.3,LOW,4.000996351242065
1989,969,"1,32,97,43,50,54",250,130,39,0.5,0.3,HIGH,3.991023302078247
1989,969,"65,2,38,17,54,94",250,130,39,0.5,0.3,MEDIUM,3.7683801651000977
1989,969,"2,1,67,71,74,108,25,61",250,130,39,0.5,0.3,LOW,3.917029619216919
1989,969,"68,6,76,79,83,97,34,35,99,107,108,50",250,120,36,0.5,0.3,HIGH,3.9449002742767334
1989,969,"2,67,38,103,9,12,94",250,120,36,0.5,0.3,MEDIUM,4.201172113418579
1989,969,"33,34,6,10,108,45,54,94,32",250,120,36,0.5,0.3,LOW,4.0944578647613525
1989,969,"72,74,10,17,25,35,100,38,50",250,110,33,0.5,0.3,HIGH,4.028634786605835
1989,969,"68,39,9,12,17,85,94",250,110,33,0.5,0.3,MEDIUM,4.107505559921265
1989,969,"97,66,35,36,2,74,43,76,54,86,25",250,110,33,0.5,0.3,LOW,4.100436449050903
1989,969,"65,2,34,38,72,40,74,11,12,43,54,25,61",250,100,30,0.5,0.3,HIGH,4.217356443405151
1989,969,"33,100,103,107,108,85,86",250,100,30,0.5,0.3,MEDIUM,4.358940601348877
1989,969,"34,99,35,103,72,74,76,45,83,86",250,100,30,0.5,0.3,LOW,4.165220737457275
1989,969,"65,2,74,84,85,96,33,108,50,52",250,90,27,0.5,0.3,HIGH,4.143279314041138
1989,969,"34,103,108,45,86,91,96",250,90,27,0.5,0.3,MEDIUM,4.284943342208862
1989,969,"2,35,68,34,6,40,74,11,12,43,54,25",250,90,27,0.5,0.3,LOW,4.180142402648926
1989,969,"2,6,72,74,12,17,91,99,100,45,54,61",250,80,24,0.5,0.3,HIGH,4.361742258071899
1989,969,"65,34,67,2,68,6,1,11,15,17,25,61",250,80,24,0.5,0.3,MEDIUM,4.27075982093811
1989,969,"97,65,67,68,39,72,74,11,50,89,61,96",250,80,24,0.5,0.3,LOW,4.304920434951782
1989,969,"97,2,34,35,6,9,10,11,74,15,17",250,70,21,0.5,0.3,HIGH,4.55043888092041
1989,969,"97,36,6,11,10,32,50,85,25,96",250,70,21,0.5,0.3,MEDIUM,4.541463375091553
1989,969,"67,6,76,108,79,83,86,88,61,96",250,70,21,0.5,0.3,LOW,4.671072006225586
1989,969,"68,11,6,76,15,17,84,38,107,108,50,61",250,60,18,0.5,0.3,HIGH,4.646139621734619
1989,969,"2,6,39,38,10,107,76,91",250,60,18,0.5,0.3,MEDIUM,4.566362142562866
1989,969,"67,10,76,15,86,96,99,39,54,61",250,60,18,0.5,0.3,LOW,4.501483201980591
1989,969,"68,72,9,76,94,107,108,50,52,61",250,50,15,0.5,0.3,HIGH,4.472365140914917
1989,969,"2,68,1,65,39,74,108,45,15,83,54,25",250,50,15,0.5,0.3,MEDIUM,4.195258855819702
1989,969,"97,74,43,76,108,85,54,88,89",250,50,15,0.5,0.3,LOW,4.3568267822265625
1989,969,"2,1,6,9,74,11,12,45,79,50,54,61,96",250,40,12,0.5,0.3,HIGH,4.310949802398682
1989,969,"100,103,39,73,74,10,9,76,72,83,61",250,40,12,0.5,0.3,MEDIUM,4.377770900726318
1989,969,"36,71,72,9,43,108,52,60,61",250,40,12,0.5,0.3,LOW,4.523352384567261
1989,969,"97,68,73,43,76,12,52,61,62,32",250,30,9,0.5,0.3,HIGH,4.690898656845093
1989,969,"1,2,35,6,74,12,15,50,25,60,94",250,30,9,0.5,0.3,MEDIUM,4.73942756652832
1989,969,"2,10,76,84,85,54,25,96",250,30,9,0.5,0.3,LOW,5.112159967422485
1989,969,"2,74,12,11,83,25,40,50,52,54,61,62",250,20,6,0.5,0.3,HIGH,5.023397207260132
1989,969,"103,72,40,9,79,84,86,54",250,20,6,0.5,0.3,MEDIUM,5.196933746337891
1989,969,"6,72,11,76,83,86,25,32,34,38,107,61",250,20,6,0.5,0.3,LOW,5.556970596313477
1989,969,"65,1,72,17,88,33,99,43,54,61",250,10,3,0.5,0.3,HIGH,5.939884185791016
1989,969,"2,97,99,72,11,54,88,89,61,94",250,10,3,0.5,0.3,MEDIUM,5.642244338989258
1989,969,"65,33,67,68,38,72,74,43,54,88",250,10,3,0.5,0.3,LOW,5.877128839492798
1989,969,"97,65,68,103,71,76,45,50,88,25,61,94,96",240,150,45,0.5,0.3,HIGH,4.349202632904053
1989,969,"65,1,6,74,11,76,10,15,96,97,52,54",240,150,45,0.5,0.3,MEDIUM,4.8110671043396
1989,969,"65,97,99,68,103,72,74,76,79,54,61,62,96",240,150,45,0.5,0.3,LOW,4.7124574184417725
1989,969,"6,10,76,74,79,83,25,96,33,43,50",240,140,42,0.5,0.3,HIGH,4.949386358261108
1989,969,"1,33,6,43,12,17,83,25,94",240,140,42,0.5,0.3,MEDIUM,4.637264966964722
1989,969,"35,36,6,73,74,10,17,50,54,25,60",240,140,42,0.5,0.3,LOW,4.538323879241943
1989,969,"1,65,9,76,17,99,45,50,54,61",240,130,39,0.5,0.3,HIGH,4.686439752578735
1989,969,"2,68,74,10,76,45,108,54,32",240,130,39,0.5,0.3,MEDIUM,4.56875467300415
1989,969,"1,34,36,10,12,45,17",240,130,39,0.5,0.3,LOW,4.508817434310913
1989,969,"34,9,76,45,62,85,25,61,94,96",240,120,36,0.5,0.3,HIGH,4.306416273117065
1989,969,"97,66,38,103,40,72,6,108,52,54",240,120,36,0.5,0.3,MEDIUM,4.4577460289001465
1989,969,"66,2,68,6,74,76,17,84,25,97,39,45,50,54",240,110,33,0.5,0.3,HIGH,4.690557241439819
1989,969,"65,33,35,68,38,74,15,17,54,25,61",240,120,36,0.5,0.3,LOW,4.819674253463745
1989,969,"67,68,74,11,76,12,25,97,34,100,108,50,61",240,110,33,0.5,0.3,MEDIUM,4.756159782409668
1989,969,"99,38,76,43,79,15,50,83,84,54,61",240,110,33,0.5,0.3,LOW,4.7281882762908936
1989,969,"68,72,74,12,100,103,52,62",240,100,30,0.5,0.3,HIGH,4.923663854598999
1989,969,"33,1,67,36,38,10,79,50",240,100,30,0.5,0.3,MEDIUM,4.917498350143433
1989,969,"1,2,99,71,40,10,11,43,74,76,25,96",240,100,30,0.5,0.3,LOW,4.833282709121704
1989,969,"34,74,76,17,50,86,54,25,60,61",240,90,27,0.5,0.3,MEDIUM,4.264005899429321
1989,969,"2,35,67,34,6,39,76,12,50,25,61",240,90,27,0.5,0.3,HIGH,4.382739067077637
1989,969,"97,2,38,72,74,76,50,54,89,25,94",240,90,27,0.5,0.3,LOW,4.187798023223877
1989,969,"1,2,100,6,10,43,12,76,45,50,88",240,80,24,0.5,0.3,HIGH,4.3542160987854
1989,969,"97,66,68,6,40,74,107,76,50,84,25,61",240,80,24,0.5,0.3,MEDIUM,4.106975793838501
1989,969,"6,40,43,17,32",240,80,24,0.5,0.3,LOW,4.635082483291626
1989,969,"65,97,99,1,103,72,79,50,84,54,25,60",240,70,21,0.5,0.3,HIGH,4.3318870067596436
1989,969,"73,108,79,83,84,52,88,25,61,96",240,70,21,0.5,0.3,MEDIUM,4.520408391952515
1989,969,"1,2,72,74,25,38,103,50,60",240,70,21,0.5,0.3,LOW,4.482561349868774
1989,969,"66,72,97,39,103,107,52,61",240,60,18,0.5,0.3,HIGH,5.956637382507324
1989,969,"68,10,11,74,76,94,96,33,34,100,60,61",240,60,18,0.5,0.3,LOW,5.418331146240234
1989,969,"66,2,34,6,72,74,43,76,17,60,61",240,60,18,0.5,0.3,MEDIUM,6.271093368530273
1989,969,"68,12,76,83,94,99,100,103,43,50,61",240,50,15,0.5,0.3,MEDIUM,5.342465877532959
1989,969,"97,68,99,6,103,71,74,107,50,85,86",240,50,15,0.5,0.3,HIGH,6.2017669677734375
1989,969,"1,34,35,68,65,6,38,10,45,50,83,25,61",240,50,15,0.5,0.3,LOW,5.485138654708862
1989,969,"34,2,66,68,6,11,43,79,54,60",240,40,12,0.5,0.3,HIGH,6.602172613143921
1989,969,"2,68,6,74,94,96,34,99,43,50,62",240,40,12,0.5,0.3,LOW,4.448537349700928
1989,969,"97,65,6,103,72,74,76,17,83,86,54,25,91,96",240,40,12,0.5,0.3,MEDIUM,5.442580461502075
1989,969,"97,2,74,76,17,84,52,86,88,89",240,30,9,0.5,0.3,HIGH,5.575186729431152
1989,969,"65,68,74,108,76,83,84,85,86,60,61",240,30,9,0.5,0.3,MEDIUM,5.667720079421997
1989,969,"68,6,74,76,97,34,100,103,39,107,50,61",240,30,9,0.5,0.3,LOW,5.741821527481079
1989,969,"65,34,35,99,38,11,17,50,60,61",240,20,6,0.5,0.3,HIGH,5.559006690979004
1989,969,"33,2,36,6,39,38,108,15,17",240,20,6,0.5,0.3,MEDIUM,5.539042711257935
1989,969,"34,99,38,6,9,10,107,45,52,25,96",240,20,6,0.5,0.3,LOW,5.580176591873169
1989,969,"97,65,99,34,73,76,50,88,25,60,96",230,150,45,0.5,0.3,HIGH,3.6178526878356934
1950,950,"6,76,12,79,15,17,34,100,108,60",240,10,3,0.5,0.3,HIGH,6.130378246307373
1989,969,"97,2,1,36,103,10,72,86,94,96",240,10,3,0.5,0.3,MEDIUM,5.543833494186401
1989,969,"65,2,68,97,39,72,50,83,84,54,60,61",230,150,45,0.5,0.3,MEDIUM,3.618682384490967
1989,969,"33,35,100,2,6,103,68,107,76,50,52",240,10,3,0.5,0.3,LOW,5.053131818771362
1989,969,"97,1,35,103,11,12,76,108,79,83,96",230,150,45,0.5,0.3,LOW,3.663881778717041
1989,969,"1,2,100,36,6,10,74,15,61",230,140,42,0.5,0.3,HIGH,3.791041851043701
1989,969,"33,2,34,65,38,6,40,9,11,17,25",230,140,42,0.5,0.3,MEDIUM,3.6312971115112305
1989,969,"33,6,72,10,43,11,86,25,61,96",230,140,42,0.5,0.3,LOW,3.6428539752960205
1989,969,"2,9,74,11,79,17,25,39,107,54",230,130,39,0.5,0.3,HIGH,3.599966287612915
1989,969,"1,2,6,10,43,108,15,79,17,94",230,130,39,0.5,0.3,MEDIUM,3.5700461864471436
1989,969,"1,2,6,74,76,17,85,25,99,100,103,43,108",230,130,39,0.5,0.3,LOW,3.6380627155303955
1989,969,"1,66,2,68,97,6,72,74,76,50,25,60,94,96",230,120,36,0.5,0.3,HIGH,3.635815382003784
1989,969,"1,71,10,85,25,43,108,45,50,60,61",230,120,36,0.5,0.3,MEDIUM,3.5435516834259033
1989,969,"1,65,35,72,9,108,76,83,86,54",230,120,36,0.5,0.3,LOW,3.431882858276367
1989,969,"2,38,10,11,45,79,50,84,85,54,25",230,110,33,0.5,0.3,MEDIUM,3.1989388465881348
1989,969,"65,66,97,34,71,74,76,17,83,84,96",230,110,33,0.5,0.3,HIGH,3.4103498458862305
1989,969,"97,34,100,6,38,39,12,76,45,25,91",230,110,33,0.5,0.3,LOW,3.3185982704162598
1989,969,"36,73,74,9,76,45,85,88,25",230,100,30,0.5,0.3,HIGH,3.3572263717651367
1989,969,"97,2,76,15,17,52,85,91,61,94",230,100,30,0.5,0.3,MEDIUM,3.16867733001709
1989,969,"2,72,11,74,84,96,33,38,60,61",230,100,30,0.5,0.3,LOW,3.142714023590088
1989,969,"65,2,38,6,72,74,108,45,76,50,54,88,32",230,90,27,0.5,0.3,HIGH,3.1996521949768066
1989,969,"97,72,74,107,108,76,85,86,60,61,96",230,90,27,0.5,0.3,LOW,3.2985081672668457
1989,969,"1,2,6,10,108,45,76,15,52,61,62",230,90,27,0.5,0.3,MEDIUM,3.559788703918457
1989,969,"1,67,6,39,11,74,79,17,83,25,61",230,80,24,0.5,0.3,HIGH,3.42824125289917
1989,969,"1,66,6,39,103,50,84,91",230,80,24,0.5,0.3,MEDIUM,3.2826316356658936
1989,969,"97,99,100,67,103,74,108,15,83,61,96",230,80,24,0.5,0.3,LOW,3.2237889766693115
1989,969,"2,38,39,10,50,52,89,25,91,61,96",230,70,21,0.5,0.3,HIGH,3.412243127822876
1989,969,"97,6,38,72,9,74,11,45,15,50,86",230,70,21,0.5,0.3,MEDIUM,3.143831491470337
1989,969,"1,99,103,10,76,11,50,89,91,60",230,70,21,0.5,0.3,LOW,3.158831834793091
1989,969,"2,68,6,74,11,10,83,25,33,100,103,62",230,60,18,0.5,0.3,HIGH,3.1897497177124023
1989,969,"66,67,97,10,107,43,17,83,25",230,60,18,0.5,0.3,MEDIUM,3.3273000717163086
1989,969,"33,65,103,39,73,86,61,94",230,60,18,0.5,0.3,LOW,3.4080846309661865
1989,969,"65,2,71,10,79,50,84,86,91",230,50,15,0.5,0.3,HIGH,3.341266393661499
1989,969,"35,6,71,76,108,50,85,86,91",230,50,15,0.5,0.3,MEDIUM,3.319397211074829
1989,969,"2,34,36,74,10,12,15,83,89",230,50,15,0.5,0.3,LOW,3.4839186668395996
1989,969,"2,100,38,9,43,10,15,50,83,25,61,96",230,40,12,0.5,0.3,HIGH,3.55057954788208
1989,969,"2,34,38,40,10,11,45,17,25",230,40,12,0.5,0.3,MEDIUM,3.46281361579895
1989,969,"65,1,68,6,71,74,11,83,25,32,108,60,61",230,40,12,0.5,0.3,LOW,3.4438655376434326
1989,969,"35,68,38,39,103,74,43,76,45,79",230,30,9,0.5,0.3,HIGH,3.4488515853881836
1989,969,"99,10,74,15,85,91",230,30,9,0.5,0.3,MEDIUM,3.70017671585083
1989,969,"72,74,76,25,96,36,43,108,54,60,62",230,30,9,0.5,0.3,LOW,3.6254515647888184
1989,969,"1,2,65,68,17,50,85,54,61,96,32",230,20,6,0.5,0.3,HIGH,3.373124837875366
1989,969,"65,68,103,72,73,76,108,89,94",230,20,6,0.5,0.3,MEDIUM,3.5877091884613037
1989,969,"2,6,71,73,74,76,94,96,97,34,100",230,20,6,0.5,0.3,LOW,3.49794864654541
1989,969,"33,1,65,36,6,9,74,45,17",230,10,3,0.5,0.3,MEDIUM,3.408189058303833
1989,969,"97,34,68,39,73,74,10,76,11,86,54,96",230,10,3,0.5,0.3,HIGH,3.8350472450256348
1989,969,"100,71,11,76,15,50,52,60,61,94",220,150,45,0.5,0.3,HIGH,2.6134493350982666
1989,969,"73,74,72,12,76,17,25,91,35,103,50",230,10,3,0.5,0.3,LOW,3.549093723297119
1989,969,"65,99,73,9,11,12,88,25,60",220,150,45,0.5,0.3,MEDIUM,2.8328630924224854
1989,969,"65,1,68,9,10,76,88,97,38,103,61",220,150,45,0.5,0.3,LOW,2.825845241546631
1989,969,"34,38,6,39,10,84,89,94",220,140,42,0.5,0.3,HIGH,2.8298346996307373
1989,969,"73,10,25,32,35,36,43,54,61",220,140,42,0.5,0.3,LOW,2.7729878425598145
1950,950,"65,2,68,38,103,39,6,83,85,86,60,61",220,140,42,0.5,0.3,MEDIUM,2.97843861579895
1989,969,"1,36,38,72,10,15,52,88,25",220,130,39,0.5,0.3,HIGH,2.898369550704956
1989,969,"97,2,35,100,36,38,71,11,61",220,130,39,0.5,0.3,MEDIUM,2.8375327587127686
1989,969,"65,2,67,38,76,83,54,86,60,61,96",220,130,39,0.5,0.3,LOW,2.9562160968780518
1989,969,"33,1,103,10,74,11,79,83,52,54,96",220,120,36,0.5,0.3,MEDIUM,3.0189273357391357
1989,969,"68,6,71,11,76,97,96,108,107,43,50",220,120,36,0.5,0.3,HIGH,3.297182083129883
1989,969,"99,71,10,107,83,84,89,61",220,120,36,0.5,0.3,LOW,3.171518087387085
1989,969,"65,74,71,6,25,35,99,97,33,108,60",220,110,33,0.5,0.3,HIGH,3.2742438316345215
1989,969,"72,74,17,86,25,96,33,35,103,54,61",220,110,33,0.5,0.3,LOW,3.329099655151367
1989,969,"66,67,103,74,108,76,17,84,86",220,110,33,0.5,0.3,MEDIUM,3.3799614906311035
1989,969,"1,65,97,68,6,74,107,76,17,54,91,61",220,100,30,0.5,0.3,HIGH,3.482685089111328
1989,969,"97,2,100,68,71,107,91,94,96",220,100,30,0.5,0.3,MEDIUM,3.576434373855591
1989,969,"66,65,6,71,38,74,79,54,94,96",220,100,30,0.5,0.3,LOW,3.4996423721313477
1989,969,"33,2,6,103,73,10,11,74,15,89",220,90,27,0.5,0.3,HIGH,3.6173248291015625
1989,969,"65,68,6,103,74,10,17,85,54,88,60",220,90,27,0.5,0.3,MEDIUM,3.6731760501861572
1989,969,"97,2,38,10,11,12,74,76,52,54,25,91,60,61",220,90,27,0.5,0.3,LOW,3.528560161590576
1989,969,"36,68,6,103,107,11,50,25,91,96",220,80,24,0.5,0.3,HIGH,3.6592326164245605
1989,969,"65,6,9,11,17,85,96,103,50,54,62",220,80,24,0.5,0.3,MEDIUM,3.6013686656951904
1989,969,"97,65,35,100,38,72,11,76,79,86,96",220,80,24,0.5,0.3,LOW,3.657219886779785
1989,969,"66,68,6,73,11,17,25,97,38,43,52,61",220,70,21,0.5,0.3,HIGH,3.734013319015503
1989,969,"2,74,11,12,79,34,100,36,103,108,50,61",220,70,21,0.5,0.3,MEDIUM,3.655224561691284
1989,969,"73,74,76,85,38,103,107,52",220,70,21,0.5,0.3,LOW,3.6651968955993652
1989,969,"65,9,45,50,83,62,85,94",220,60,18,0.5,0.3,HIGH,3.6642003059387207
1989,969,"65,97,35,38,10,108,76,86,25,61,32",220,60,18,0.5,0.3,MEDIUM,3.7001047134399414
1989,969,"2,6,9,74,76,33,34,54,61",220,60,18,0.5,0.3,LOW,3.629293203353882
1989,969,"33,100,38,72,74,43,76,60",220,50,15,0.5,0.3,HIGH,3.4198546409606934
1989,969,"1,2,11,86,25,61,32",220,50,15,0.5,0.3,MEDIUM,3.5225794315338135
1989,969,"65,72,9,74,85,86,25,96,97,99,103",220,50,15,0.5,0.3,LOW,3.323113203048706
1989,969,"65,35,99,38,74,76,17,52,88,25,60,96",220,40,12,0.5,0.3,HIGH,3.266263961791992
1989,969,"66,34,68,103,74,76,79,50,83,54,25,62",220,40,12,0.5,0.3,MEDIUM,3.241330623626709
1989,969,"97,2,39,103,71,10,43,11,76,84,61,96",220,40,12,0.5,0.3,LOW,3.325106620788574
1989,969,"99,68,10,108,12,79,83,54,89,25,96",220,30,9,0.5,0.3,HIGH,3.518589973449707
1989,969,"65,68,6,11,17,84,25,36,103,45,50",220,30,9,0.5,0.3,MEDIUM,3.0907328128814697
1989,969,"1,66,97,36,6,9,74,11,52,25,61",220,30,9,0.5,0.3,LOW,3.563469886779785
1989,969,"38,103,72,107,76,17,84,94,96",220,20,6,0.5,0.3,HIGH,3.5584819316864014
1989,969,"68,39,103,9,11,76,15,17,88,96",220,20,6,0.5,0.3,MEDIUM,3.6253042221069336
1989,969,"1,2,103,40,9,10,76,83,52,54,61",220,20,6,0.5,0.3,LOW,3.6462483406066895
1989,969,"1,2,6,9,76,108,91,32",220,10,3,0.5,0.3,HIGH,3.794848918914795
1989,969,"33,99,1,6,17,85,25,32",220,10,3,0.5,0.3,MEDIUM,3.799835443496704
1989,969,"97,2,36,103,12,76,25",210,150,45,0.5,0.3,HIGH,2.802504777908325
1989,969,"35,36,6,9,107,108,50",220,10,3,0.5,0.3,LOW,3.8526957035064697
1989,969,"68,39,72,74,76,15,60",210,150,45,0.5,0.3,MEDIUM,2.7695934772491455
1989,969,"66,97,38,107,76,74,54,86,91,60,61",210,150,45,0.5,0.3,LOW,2.7865476608276367
1989,969,"34,12,85,88,96",210,140,42,0.5,0.3,HIGH,2.7606167793273926
1989,969,"1,97,35,68,38,10,11,108,79,25,32",210,140,42,0.5,0.3,MEDIUM,2.831427574157715
1989,969,"67,68,83,96,99,45,50,54,60,61,62",210,140,42,0.5,0.3,LOW,2.7915337085723877
1989,969,"2,68,72,76,86,25,96,34,39,103,108,54,62",210,130,39,0.5,0.3,HIGH,2.7855496406555176
1989,969,"97,67,36,34,68,6,74,76,108,85,60,96",210,130,39,0.5,0.3,MEDIUM,2.7476515769958496
1989,969,"2,72,74,10,76,103,43,45,50,61",210,130,39,0.5,0.3,LOW,2.758622169494629
1989,969,"1,66,34,2,6,103,74,11,83,86,25",210,120,36,0.5,0.3,HIGH,2.826442003250122
1989,969,"97,67,100,35,10,108,25,61,94,96",210,120,36,0.5,0.3,MEDIUM,2.733689069747925
1989,969,"97,99,100,108,83,86,88,94",210,120,36,0.5,0.3,LOW,2.7376792430877686
1989,969,"6,76,32,99,36,38,39,108,54",210,110,33,0.5,0.3,MEDIUM,2.641934394836426
1989,969,"68,72,74,76,17,83,86,88,103,108,45,52",210,110,33,0.5,0.3,HIGH,2.6967873573303223
1989,969,"74,17,83,86,25,60,61,94",210,110,33,0.5,0.3,LOW,2.690803289413452
1989,969,"1,65,103,72,9,10,43,17,89,25",210,100,30,0.5,0.3,HIGH,2.7406699657440186
1989,969,"34,67,68,72,74,45,17,50,89,61,96",210,100,30,0.5,0.3,MEDIUM,2.7416670322418213
1989,969,"97,34,99,2,38,107,108,45,76,50,91,61,96",210,100,30,0.5,0.3,LOW,2.6080257892608643
1989,969,"1,11,10,76,15,17,97,38,103,52,60",210,90,27,0.5,0.3,HIGH,2.7715864181518555
1989,969,"65,2,34,97,6,9,45,79,17,52,25,61",210,90,27,0.5,0.3,MEDIUM,2.6648736000061035
1989,969,"66,2,10,9,72,83,25,100,108,54",210,90,27,0.5,0.3,LOW,2.7666008472442627
1989,969,"99,68,36,38,76,84,86,25,94",210,80,24,0.5,0.3,HIGH,2.922184467315674
1989,969,"97,65,6,103,10,74,108,50,85,88,32,96",210,80,24,0.5,0.3,MEDIUM,2.8673315048217773
1989,969,"34,2,6,72,9,11,43,52,54,89",210,80,24,0.5,0.3,LOW,2.994990825653076
1989,969,"34,2,6,103,74,43,76,79,50,83,52,85,25,61,96",210,70,21,0.5,0.3,HIGH,3.013941764831543
1989,969,"97,68,73,74,108,79,83,86,88",210,70,21,0.5,0.3,MEDIUM,3.0498430728912354
1989,969,"65,68,9,10,12,74,86,25,96,34,99,60",210,70,21,0.5,0.3,LOW,3.0628087520599365
1989,969,"97,1,103,40,74,10,79,15,50,88",210,60,18,0.5,0.3,HIGH,3.1196563243865967
1989,969,"1,2,97,10,74,12,45,17,84,89,25,61",210,60,18,0.5,0.3,MEDIUM,3.0558276176452637
1989,969,"65,6,103,11,79,15,83,52,54,32",210,60,18,0.5,0.3,LOW,3.0179011821746826
1989,969,"2,97,99,6,10,11,76,43,79,50,83,86,25,60",210,50,15,0.5,0.3,HIGH,3.168524980545044
1989,969,"99,68,9,74,43,85,54,88,25,61,96",210,50,15,0.5,0.3,MEDIUM,2.9491114616394043
1989,969,"65,2,9,10,79,17,85,25,108,45,50,60",210,50,15,0.5,0.3,LOW,3.020920515060425
1989,969,"65,66,11,83,84,89,25,97,50",210,40,12,0.5,0.3,HIGH,3.092728614807129
1989,969,"6,9,11,12,76,17,25,100,38,54,61",210,40,12,0.5,0.3,MEDIUM,2.9750430583953857
1989,969,"97,2,6,9,11,43,15,17,25,96",210,40,12,0.5,0.3,LOW,3.268259048461914
1989,969,"1,34,65,68,38,6,10,43,45,83,25,61,96",210,30,9,0.5,0.3,HIGH,3.2931931018829346
1989,969,"67,68,103,74,107,83,89,91,61",210,30,9,0.5,0.3,MEDIUM,3.3380722999572754
1989,969,"67,36,71,12,62",210,30,9,0.5,0.3,LOW,3.3470540046691895
1989,969,"1,34,6,103,107,76,17,86,54,25,61,94",210,20,6,0.5,0.3,HIGH,3.386941432952881
1989,969,"1,65,97,67,6,43,76,17,50,52,60,61",210,20,6,0.5,0.3,MEDIUM,3.3430590629577637
1989,969,"1,34,33,40,10,12,25",210,20,6,0.5,0.3,LOW,3.5435233116149902
1989,969,"65,33,6,39,74,108,76,50,84,25",210,10,3,0.5,0.3,MEDIUM,3.3330864906311035
1989,969,"2,72,11,74,17,88,32,96,97,45,108,61",210,10,3,0.5,0.3,HIGH,3.453763246536255
1989,969,"65,68,6,72,10,17,83,25,97,34,38,50,61,62",200,150,45,0.5,0.3,HIGH,2.4504473209381104
1989,969,"97,6,38,71,74,107,25,91,89,96",210,10,3,0.5,0.3,LOW,3.2443230152130127
1989,969,"97,100,103,73,74,10,79,54,32",200,150,45,0.5,0.3,MEDIUM,2.377640962600708
1989,969,"97,33,9,73,74,108,76,79,84,54",200,150,45,0.5,0.3,LOW,2.3945953845977783
1989,969,"33,2,6,9,11,43,45,17,50,25",200,140,42,0.5,0.3,HIGH,2.450446128845215
1989,969,"97,99,68,71,72,74,76,79,83,60,61,96",200,140,42,0.5,0.3,MEDIUM,2.369662284851074
1989,969,"97,99,100,38,103,39,74,43,60,62",200,140,42,0.5,0.3,LOW,2.413547992706299
1989,969,"1,2,6,9,74,11,76,10,15,83,88",200,130,39,0.5,0.3,HIGH,2.4624133110046387
1989,969,"65,6,72,10,74,12,17,84,25,97,35,60",200,130,39,0.5,0.3,MEDIUM,2.513277530670166
1989,969,"33,2,36,6,9,74,11,12,32",200,130,39,0.5,0.3,LOW,2.4853529930114746
1989,969,"97,66,68,38,71,74,12,108,54,60,61,96",200,120,36,0.5,0.3,HIGH,2.5445194244384766
1989,969,"97,38,103,74,107,12,61,96",200,120,36,0.5,0.3,MEDIUM,2.4427945613861084
1989,969,"65,34,38,9,43,45,50,52,54,60,61",200,110,33,0.5,0.3,HIGH,2.5865564346313477
1989,969,"65,2,72,12,85,94,97,40,54",200,120,36,0.5,0.3,LOW,2.6493916511535645
1989,969,"2,68,6,74,25,89,32,38,103,60,108,62",200,110,33,0.5,0.3,MEDIUM,2.5227303504943848
1989,969,"1,74,10,12,76,17,84,25,32,97,38,54",200,110,33,0.5,0.3,LOW,2.524726152420044
1989,969,"67,103,72,74,107,76,83,60,61,62,96",200,100,30,0.5,0.3,HIGH,2.5247249603271484
1989,969,"35,65,68,72,10,74,52,60,61,62",200,100,30,0.5,0.3,MEDIUM,2.451953411102295
1989,969,"97,65,6,38,9,10,76,50,96",200,100,30,0.5,0.3,LOW,2.614562749862671
1989,969,"97,68,71,72,103,74,45,79,50,83,54,60,61",200,90,27,0.5,0.3,HIGH,2.5886077880859375
1989,969,"66,34,68,99,38,107,76,50,54,88,25,61",200,90,27,0.5,0.3,MEDIUM,2.628502368927002
1989,969,"97,2,68,6,103,72,108,12,84,52,91",200,90,27,0.5,0.3,LOW,2.6215195655822754
1989,969,"97,2,67,100,38,103,74,79,50,83,84",200,80,24,0.5,0.3,HIGH,2.710322380065918
1989,969,"65,6,74,79,25,33,99,52,61,62",200,80,24,0.5,0.3,MEDIUM,2.781236410140991
1989,969,"79,83,25,97,34,38,103,40,39,108,61",200,80,24,0.5,0.3,LOW,2.710186719894409
1989,969,"65,66,67,74,76,17,88,25,97,99,60",200,70,21,0.5,0.3,HIGH,2.5546441078186035
1989,969,"66,68,103,74,107,79,83,91,96",200,70,21,0.5,0.3,MEDIUM,2.679216146469116
1989,969,"100,103,74,107,76,108,50,54,88,61,96",200,60,18,0.5,0.3,HIGH,2.652289390563965
1989,969,"97,68,72,9,79,52,86,54,61,62,96",200,70,21,0.5,0.3,LOW,2.7430458068847656
1989,969,"97,100,6,76,17,84,85,91,96",200,60,18,0.5,0.3,MEDIUM,2.773024082183838
1989,969,"97,2,36,68,39,72,12,108,17,85,61",200,60,18,0.5,0.3,LOW,2.78289532661438
1989,969,"97,2,35,38,39,9,108,76,79,83,96",200,50,15,0.5,0.3,HIGH,2.932553768157959
1989,969,"97,66,99,6,11,76,50,83,84,89",200,50,15,0.5,0.3,MEDIUM,3.010411262512207
1989,969,"65,68,6,74,76,83,86,88,34,97,107,52,61",200,50,15,0.5,0.3,LOW,3.1081793308258057
1989,969,"65,2,72,12,76,85,25,97,43,45,54,60",200,40,12,0.5,0.3,MEDIUM,3.304659605026245
1989,969,"1,2,65,36,103,9,12,88,61",200,40,12,0.5,0.3,HIGH,3.3724777698516846
1989,969,"65,2,68,36,6,73,108,79,54,60,96",200,40,12,0.5,0.3,LOW,3.208841562271118
1989,969,"66,68,71,73,74,76,89,96",200,30,9,0.5,0.3,HIGH,3.4083080291748047
1989,969,"65,97,2,68,99,74,11,108,17,83,52,54,60,61",200,30,9,0.5,0.3,MEDIUM,3.195758104324341
1989,969,"2,35,65,100,97,103,9,76,52,86,25,61",200,30,9,0.5,0.3,LOW,3.3194077014923096
1989,969,"97,34,103,73,74,76,108,17,84,54,60,61",200,20,6,0.5,0.3,HIGH,3.1359612941741943
1989,969,"100,74,76,86,88,89,25,96",200,20,6,0.5,0.3,MEDIUM,3.1669116020202637
1989,969,"1,103,9,6,65,71,108,25",200,20,6,0.5,0.3,LOW,3.134007453918457
1989,969,"33,34,99,100,72,52,60,96",200,10,3,0.5,0.3,HIGH,3.1370842456817627
1989,969,"1,2,67,100,6,10,12,17,89",200,10,3,0.5,0.3,MEDIUM,3.0434162616729736
1989,969,"34,68,38,11,76,107,61,96",190,150,45,0.5,0.3,HIGH,2.140639305114746
1989,969,"1,2,68,74,88,34,96,38,103,45,61",200,10,3,0.5,0.3,LOW,2.8907663822174072
1989,969,"65,68,6,9,72,74,88,94,97,96,34,50",190,150,45,0.5,0.3,MEDIUM,1.9869239330291748
1989,969,"1,36,6,38,9,43,45,60",190,150,45,0.5,0.3,LOW,1.9659407138824463
1989,969,"34,99,2,38,6,103,71,11,76,108,15,25",190,140,42,0.5,0.3,HIGH,2.0138134956359863
1989,969,"1,2,34,68,6,39,74,43,76,45,54,32",190,140,42,0.5,0.3,MEDIUM,1.7533912658691406
1989,969,"65,10,76,86,32,97,34,52,61,62",190,140,42,0.5,0.3,LOW,1.8919847011566162
1989,969,"65,100,103,72,10,11,86,60,96",190,130,39,0.5,0.3,HIGH,1.9967479705810547
1989,969,"2,6,11,17,84,99,43,108,61",190,130,39,0.5,0.3,MEDIUM,1.9947521686553955
1989,969,"97,2,99,65,107,108,76,83,85,88,61,96",190,130,39,0.5,0.3,LOW,1.938903570175171
1989,969,"65,9,10,43,50,83,91,32,96",190,120,36,0.5,0.3,HIGH,1.9728131294250488
1989,969,"1,2,34,35,74,107,76,79,50,54,25,32",190,120,36,0.5,0.3,MEDIUM,1.9907641410827637
1989,969,"33,97,35,2,6,39,76,17,52,62",190,120,36,0.5,0.3,LOW,1.9120235443115234
1989,969,"100,6,71,65,43,108,45,76,50,85,96",190,110,33,0.5,0.3,HIGH,2.065601348876953
1989,969,"66,73,74,76,108,83,84,88,60",190,110,33,0.5,0.3,MEDIUM,2.0446174144744873
1989,969,"65,68,6,73,72,76,17,91,96,38,52,61",190,110,33,0.5,0.3,LOW,1.7813200950622559
1989,969,"97,2,67,9,10,74,107,73,83",190,100,30,0.5,0.3,HIGH,2.0117037296295166
1989,969,"2,74,11,10,17,38,52,60",190,100,30,0.5,0.3,MEDIUM,1.968818187713623
1989,969,"1,2,34,65,97,72,12,79,17,54,25",190,100,30,0.5,0.3,LOW,1.8950159549713135
1989,969,"65,1,6,72,83,25,94,96,97,38,54",190,90,27,0.5,0.3,HIGH,2.0226669311523438
1950,950,"2,6,74,10,17,85,25,96,33,43,50,54,61",190,90,27,0.5,0.3,MEDIUM,2.050626754760742
1989,969,"1,6,72,74,85,103,108,50,54",190,90,27,0.5,0.3,LOW,2.0725674629211426
1989,969,"65,99,6,103,38,74,50,86,89,61,96",190,80,24,0.5,0.3,HIGH,2.0895233154296875
1911,931,"1,6,72,10,96,34,100,40,43,54",190,80,24,0.5,0.3,MEDIUM,2.0466392040252686
1989,969,"65,2,100,38,6,74,11,76,50,96,32",190,70,21,0.5,0.3,HIGH,1.9020240306854248
1989,969,"2,68,9,10,86,25,96,97,34,99,38,107,61",190,80,24,0.5,0.3,LOW,2.028684377670288
1989,969,"72,9,74,11,79,84,89,60,61",190,70,21,0.5,0.3,MEDIUM,2.154310941696167
1989,969,"68,38,103,9,43,50,86,91",190,70,21,0.5,0.3,LOW,2.168243169784546
1989,969,"1,2,33,36,38,10,76,17,25,61,32",190,60,18,0.5,0.3,HIGH,2.0505571365356445
1989,969,"97,39,10,11,83,84,86,25,91,61",190,60,18,0.5,0.3,MEDIUM,2.094440221786499
1989,969,"1,66,65,68,6,103,79,17,50,25,91",190,60,18,0.5,0.3,LOW,2.134331464767456
1989,969,"6,83,86,25,34,39,103,107,108,45,50,61",190,50,15,0.5,0.3,HIGH,2.121368408203125
1989,969,"97,100,68,6,103,9,10,88,89,61,96",190,50,15,0.5,0.3,MEDIUM,2.0445737838745117
1989,969,"97,99,1,72,73,74,43,76,12,15,50",190,50,15,0.5,0.3,LOW,2.1582701206207275
1989,969,"97,36,103,9,108,10,79,50,52",190,40,12,0.5,0.3,HIGH,2.208077907562256
1989,969,"1,68,72,89,32,96,103",190,40,12,0.5,0.3,MEDIUM,2.1302850246429443
1989,969,"1,65,36,72,74,54,88,61,32",190,40,12,0.5,0.3,LOW,2.1003663539886475
1989,969,"97,34,67,38,40,74,107,76,43,61,96",190,30,9,0.5,0.3,HIGH,2.3457109928131104
1989,969,"2,100,68,6,108,79,17,52,54,88,25,61",190,30,9,0.5,0.3,MEDIUM,2.2449791431427
1989,969,"6,40,74,17,50,85,25,91,94",190,30,9,0.5,0.3,LOW,2.2539563179016113
1989,969,"65,2,99,103,39,74,108,83,85,91",190,20,6,0.5,0.3,HIGH,2.152228355407715
1989,969,"2,68,72,74,76,79,17,25,91,96,100,43,54,61",190,20,6,0.5,0.3,MEDIUM,2.2709288597106934
1989,969,"65,6,72,10,76,86,25,96,97,35,38,50,54,60,61",190,20,6,0.5,0.3,LOW,2.245993137359619
1989,969,"1,2,36,6,10,43,11,15,79,54,25",190,10,3,0.5,0.3,HIGH,2.3523991107940674
1989,969,"97,6,74,43,108,15,83,52,25,62",180,150,45,0.5,0.3,HIGH,1.731215238571167
1989,969,"2,68,11,17,85,25,91,96,97,34,35",180,150,45,0.5,0.3,MEDIUM,1.5566818714141846
1989,969,"65,100,68,103,83,85,88,94,96",190,10,3,0.5,0.3,LOW,2.2907185554504395
1989,969,"65,2,71,107,83,84,89,25,96",190,10,3,0.5,0.3,MEDIUM,2.390451192855835
1989,969,"65,68,100,6,72,74,83,54,88,25,60",180,150,45,0.5,0.3,LOW,1.6125938892364502
1989,969,"99,100,74,10,108,79,83,88,94",180,140,42,0.5,0.3,HIGH,1.8001279830932617
1989,969,"65,6,72,79,15,100,38,50,54,61,62",180,140,42,0.5,0.3,MEDIUM,1.7046923637390137
1989,969,"39,9,43,76,12,108,17,85,61",180,140,42,0.5,0.3,LOW,1.7603893280029297
1950,950,"66,99,100,103,107,76,79,54,25",180,130,39,0.5,0.3,HIGH,1.67960524559021
1989,969,"65,68,74,76,88,25,89,97,38,103,50",180,130,39,0.5,0.3,LOW,1.6756153106689453
1989,969,"103,10,45,15,54,88",180,130,39,0.5,0.3,MEDIUM,1.7583949565887451
1989,969,"2,100,68,74,45,79,83",180,120,36,0.5,0.3,HIGH,1.9271690845489502
1989,969,"2,100,6,43,12,50,54,88,25,96,32",180,120,36,0.5,0.3,MEDIUM,1.8403692245483398
1989,969,"65,1,68,38,74,76,108,45,83,84,60,61,96",180,120,36,0.5,0.3,LOW,1.8653004169464111
1989,969,"1,2,71,10,12,34,38,103,108,52",180,110,33,0.5,0.3,HIGH,1.8782665729522705
1989,969,"33,99,71,74,10,11,76,83,25,61",180,110,33,0.5,0.3,MEDIUM,1.749610424041748
1989,969,"2,36,71,74,43,108,50,52,25,91,61",180,110,33,0.5,0.3,LOW,1.7984812259674072
1989,969,"97,2,38,108,86,88,25,89,61,96",180,100,30,0.5,0.3,HIGH,1.9600884914398193
1989,969,"1,65,33,100,68,43,45,85,25,96",180,100,30,0.5,0.3,MEDIUM,1.8321447372436523
1989,969,"2,67,34,6,39,74,43,76,45,17,50,61,96",180,100,30,0.5,0.3,LOW,1.8042187690734863
1989,969,"97,66,68,74,11,76,108,83,86,61,94,96",180,90,27,0.5,0.3,HIGH,1.886995792388916
1989,969,"99,100,11,79,50,83,85,91,96",180,90,27,0.5,0.3,MEDIUM,1.7752964496612549
1950,950,"65,68,103,72,74,108,79,83,84,52,61",180,90,27,0.5,0.3,LOW,1.8042168617248535
1989,969,"65,2,68,17,83,88,25,96,99,100,38,108,50",180,80,24,0.5,0.3,MEDIUM,1.9071860313415527
1989,969,"65,97,99,68,103,72,74,43,76,86,61,62,96",180,80,24,0.5,0.3,HIGH,2.114671468734741
1989,969,"2,74,10,79,86,96,34,38,39,103,50,60,61",180,80,24,0.5,0.3,LOW,2.1146302223205566
1989,969,"6,11,83,88,94,35,54,62",180,70,21,0.5,0.3,HIGH,2.228327989578247
1989,969,"1,33,97,36,38,6,76,45,17,50,25",180,70,21,0.5,0.3,MEDIUM,2.2492709159851074
1989,969,"2,35,39,10,12,107,83,32",180,70,21,0.5,0.3,LOW,2.2831804752349854
1989,969,"97,35,71,103,15,94,25,62",180,60,18,0.5,0.3,HIGH,2.3859057426452637
1989,969,"97,100,6,103,85,62",180,60,18,0.5,0.3,MEDIUM,2.455434560775757
1989,969,"97,36,38,6,10,76,17,54,25,60,61,94",180,60,18,0.5,0.3,LOW,2.485354423522949
1989,969,"9,107,108,45,88,61,32",180,50,15,0.5,0.3,HIGH,2.581096887588501
1989,969,"99,67,71,76,45,52,85,25,61",180,50,15,0.5,0.3,MEDIUM,2.642930746078491
1989,969,"6,74,76,83,88,97,33,100,36,45",180,50,15,0.5,0.3,LOW,2.5970537662506104
1989,969,"1,73,72,79,25,35,38,103,50,54",180,40,12,0.5,0.3,HIGH,2.6439292430877686
1989,969,"2,68,74,79,83,25,33,34,99,103,50,61",180,40,12,0.5,0.3,MEDIUM,2.678832769393921
1989,969,"65,2,38,40,10,17,50,54,60,61",180,40,12,0.5,0.3,LOW,2.6050331592559814
1989,969,"97,35,10,11,76,108,96",180,30,9,0.5,0.3,HIGH,2.8324224948883057
1989,969,"33,67,74,11,76,45,83,88,61",180,30,9,0.5,0.3,MEDIUM,2.9251773357391357
1989,969,"97,68,100,72,11,74,60,79,86,25,61,96",180,30,9,0.5,0.3,LOW,2.7596185207366943
1989,969,"65,72,11,76,79,88,25,99,97,38,43,60,61",180,20,6,0.5,0.3,MEDIUM,2.7606170177459717
1989,969,"65,67,103,73,12,50,85,86,25",180,20,6,0.5,0.3,HIGH,2.9959874153137207
1989,969,"100,103,43,15,79,17,52,89",180,20,6,0.5,0.3,LOW,2.817464590072632
1989,969,"1,65,68,9,74,10,12,85,34,108,61",180,10,3,0.5,0.3,HIGH,2.777571201324463
1989,969,"6,71,76,17,84,25,108,50,61",180,10,3,0.5,0.3,MEDIUM,2.8084890842437744
1989,969,"99,68,71,73,74,43,108,76,83,86,25",170,150,45,0.5,0.3,HIGH,1.8191349506378174
1989,969,"33,34,2,6,9,79,50,52,60,32",170,150,45,0.5,0.3,MEDIUM,1.7602922916412354
1989,969,"1,2,73,11,76,89,38,103,43",170,150,45,0.5,0.3,LOW,1.7174067497253418
1989,969,"97,1,67,40,10,43,54,61,62",170,140,42,0.5,0.3,HIGH,1.8051707744598389
1989,969,"68,15,83,96,34,38,103,40,50,61",180,10,3,0.5,0.3,LOW,2.632958173751831
1989,969,"1,99,71,38,9,72,12",170,140,42,0.5,0.3,MEDIUM,1.8590283393859863
1989,969,"97,71,79,83,88,62",170,140,42,0.5,0.3,LOW,1.7662768363952637
1989,969,"6,72,9,10,74,45,17,25,91,61,32",170,130,39,0.5,0.3,HIGH,1.9009170532226562
1989,969,"2,35,71,39,9,108,45,79,25,61",170,130,39,0.5,0.3,LOW,1.7712626457214355
1989,969,"2,99,100,67,73,83,91",170,130,39,0.5,0.3,MEDIUM,1.9408082962036133
1989,969,"2,34,100,6,103,9,74,12,50,85,96",170,120,36,0.5,0.3,MEDIUM,1.8540410995483398
1989,969,"97,99,68,67,73,74,79,50,83,60,61",170,120,36,0.5,0.3,HIGH,1.922856330871582
1989,969,"6,72,10,76,17,86,88,94,96,54,61",170,120,36,0.5,0.3,LOW,1.960756778717041
1989,969,"2,68,1,71,6,76,96,38,108,52,54",170,110,33,0.5,0.3,HIGH,1.924851655960083
1989,969,"1,6,71,17,84,97,107,45,54",170,110,33,0.5,0.3,MEDIUM,1.8211281299591064
1989,969,"97,68,39,72,73,74,107,50,86,60,96",170,110,33,0.5,0.3,LOW,1.970728874206543
1989,969,"1,2,68,6,9,74,12,17,25,60",170,100,30,0.5,0.3,HIGH,1.9607570171356201
1989,969,"33,35,100,43,76,50,86,61",170,100,30,0.5,0.3,LOW,1.874985694885254
1989,969,"97,100,103,108,17,83,84,86,88,25",170,100,30,0.5,0.3,MEDIUM,1.9846916198730469
1989,969,"1,2,35,68,10,12,17,85,25",170,90,27,0.5,0.3,HIGH,1.9807026386260986
1989,969,"2,71,74,17,96,34,38,103,40,108,45,50,61",170,90,27,0.5,0.3,MEDIUM,1.9687345027923584
1989,969,"97,100,72,76,50,88,96",170,90,27,0.5,0.3,LOW,1.9916729927062988
1989,969,"65,66,68,103,73,107,108,83",170,80,24,0.5,0.3,HIGH,1.932831048965454
1950,950,"1,65,72,76,79,17,32,39,45,61",170,80,24,0.5,0.3,MEDIUM,1.9049055576324463
1989,969,"100,103,108,45,88,89,25,61,96",170,80,24,0.5,0.3,LOW,1.828110933303833
1950,950,"97,2,38,9,11,76,15,17,50,86",170,70,21,0.5,0.3,HIGH,1.9218616485595703
1989,969,"1,2,71,74,94,97,39,107,50,60,61",170,70,21,0.5,0.3,MEDIUM,1.7872214317321777
1989,969,"68,72,89,25,97,103,43,45,52,54,60",170,70,21,0.5,0.3,LOW,1.8719935417175293
1989,969,"65,73,74,76,79,88,25,34,39,108,45",170,60,18,0.5,0.3,HIGH,1.8869545459747314
1989,969,"97,34,68,71,103,74,10,76,79,83,89,61",170,60,18,0.5,0.3,MEDIUM,1.8570330142974854
1989,969,"1,34,6,39,38,11,43,45,25",170,60,18,0.5,0.3,LOW,1.8819663524627686
1989,969,"65,68,73,17,86,25,97,35,43,61",170,50,15,0.5,0.3,HIGH,1.805173397064209
1989,969,"97,65,6,103,71,74,11,108,76,17,83,25,61,96",170,50,15,0.5,0.3,MEDIUM,1.9507837295532227
1989,969,"2,68,79,17,85,83,86,25,97,40",170,50,15,0.5,0.3,LOW,1.9996514320373535
1989,969,"1,6,73,11,85,25,97,100,62",170,40,12,0.5,0.3,HIGH,1.9856886863708496
1989,969,"99,38,103,45,83,85,60,61,94",170,40,12,0.5,0.3,MEDIUM,1.942803144454956
1989,969,"65,34,99,6,9,73,10,12,74,76,50,25,96",170,30,9,0.5,0.3,HIGH,2.050079345703125
1989,969,"97,100,103,107,86,89,94,96",170,40,12,0.5,0.3,LOW,2.1019415855407715
1989,969,"36,35,38,68,74,76,17,54",170,30,9,0.5,0.3,MEDIUM,2.179733991622925
1989,969,"34,2,6,38,40,39,103,11,74,15,54,25,61",170,30,9,0.5,0.3,LOW,2.216308355331421
1989,969,"97,2,99,100,6,73,43,76,108,54,88,96",170,20,6,0.5,0.3,HIGH,2.2688443660736084
1989,969,"33,2,97,38,71,40,10,17,54,25,60",170,20,6,0.5,0.3,MEDIUM,2.3376619815826416
1989,969,"71,72,9,10,43,83,52,54,96",170,20,6,0.5,0.3,LOW,2.4584333896636963
1989,969,"65,100,68,103,108,76,83,89,91,96",160,150,45,0.5,0.3,HIGH,1.658336877822876
1989,969,"2,35,36,6,39,103,9,71,25",170,10,3,0.5,0.3,MEDIUM,2.4608652591705322
1989,969,"2,6,10,12,76,83,34,99,100,54",170,10,3,0.5,0.3,HIGH,2.5177130699157715
1989,969,"2,66,67,100,40,45,79,61",170,10,3,0.5,0.3,LOW,2.4289512634277344
1989,969,"35,34,6,103,9,10,11,74,107,50,25",160,150,45,0.5,0.3,MEDIUM,1.628739595413208
1989,969,"65,66,68,6,12,79,25,96,38,103,108,60",160,150,45,0.5,0.3,LOW,1.7125160694122314
1989,969,"6,11,76,12,79,33,35,52,54,60",160,140,42,0.5,0.3,HIGH,1.6555728912353516
1989,969,"34,35,100,6,10,74,12,17,25,94",160,140,42,0.5,0.3,MEDIUM,1.6116912364959717
1989,969,"65,67,100,34,99,103,72,74,11,50,96",160,140,42,0.5,0.3,LOW,1.5996158123016357
1989,969,"97,6,38,72,73,74,107,76,43,50,52,54,96",160,130,39,0.5,0.3,HIGH,1.6255457401275635
1989,969,"1,34,2,71,73,108,43,15,17",160,130,39,0.5,0.3,MEDIUM,1.6335244178771973
1989,969,"65,97,2,39,60,83,25,61",160,130,39,0.5,0.3,LOW,1.5677006244659424
1989,969,"38,39,10,74,45,79,50,84,25,60,61",160,120,36,0.5,0.3,HIGH,1.6814260482788086
1989,969,"65,1,36,2,73,108,50,83,89,61",160,120,36,0.5,0.3,MEDIUM,1.6564910411834717
1989,969,"65,2,67,68,74,11,86,96,97,34,108,54,60,61",160,120,36,0.5,0.3,LOW,1.7023699283599854
1989,969,"33,65,72,10,43,74,45,76,50,54,94",160,110,33,0.5,0.3,HIGH,1.6316654682159424
1989,969,"1,34,68,38,103,74,10,43,76,79,17,50,52",160,110,33,0.5,0.3,MEDIUM,1.6256821155548096
1989,969,"1,34,39,72,74,43,76,50,83,62",160,110,33,0.5,0.3,LOW,1.631664752960205
1989,969,"72,85,97,34,35,99,38,60,61,62",160,100,30,0.5,0.3,HIGH,1.6416380405426025
1989,969,"33,100,38,74,10,76,86,88,96",160,100,30,0.5,0.3,MEDIUM,1.5173149108886719
1989,969,"99,100,35,103,62,84,54,61,96",160,100,30,0.5,0.3,LOW,1.6323037147521973
1989,969,"97,99,68,103,40,74,45,50,86,88,60",160,90,27,0.5,0.3,HIGH,1.624324083328247
1989,969,"36,71,108,12,50,85,88",160,90,27,0.5,0.3,MEDIUM,1.605515480041504
1989,969,"65,34,66,68,38,11,79,17,50,52,54,25",160,90,27,0.5,0.3,LOW,1.5656228065490723
1989,969,"33,34,1,2,67,99,40,17",160,80,24,0.5,0.3,HIGH,1.6753287315368652
1989,969,"97,2,99,100,9,10,15,88",160,80,24,0.5,0.3,MEDIUM,1.674332618713379
1989,969,"99,100,103,107,76,108,79,83,96",160,80,24,0.5,0.3,LOW,1.678945779800415
1989,969,"2,6,71,10,74,96,97,99,100,108,52",160,70,21,0.5,0.3,HIGH,1.7206952571868896
1989,969,"97,67,2,99,73,43,76,12,94",160,70,21,0.5,0.3,MEDIUM,1.663846731185913
1989,969,"68,6,12,76,83,25,97,34,103",160,70,21,0.5,0.3,LOW,1.7165651321411133
1989,969,"97,99,103,107,76,108,79,83,84,96",160,60,18,0.5,0.3,HIGH,1.7255401611328125
1989,969,"2,6,10,11,76,84,25,60,61",160,60,18,0.5,0.3,MEDIUM,1.5350511074066162
1989,969,"97,34,2,6,9,74,107,15,84,86,25",160,60,18,0.5,0.3,LOW,1.6048645973205566
1989,969,"2,36,38,15,52,94,96,32",160,50,15,0.5,0.3,HIGH,1.5879101753234863
1950,950,"1,2,33,12,15,17,50,52,25",160,50,15,0.5,0.3,LOW,1.5737910270690918
1989,969,"65,74,107,76,108,12,17,83,52,86",160,50,15,0.5,0.3,MEDIUM,1.811155080795288
1989,969,"1,2,99,68,6,38,72,71,11,50,25,94",160,40,12,0.5,0.3,HIGH,1.5788426399230957
1989,969,"2,72,10,74,15,17,83,96,35,39",160,40,12,0.5,0.3,MEDIUM,1.6965277194976807
1989,969,"1,68,6,39,38,10,74,11,76,45,79,52,25,61",160,40,12,0.5,0.3,LOW,1.7394115924835205
1989,969,"97,66,34,36,38,72,68,74,73,6,25,96",160,30,9,0.5,0.3,HIGH,1.705502986907959
1989,969,"33,99,72,11,50,88,60,32,96",160,30,9,0.5,0.3,MEDIUM,1.6287062168121338
1989,969,"2,35,6,40,10,12,15,50,86",160,20,6,0.5,0.3,HIGH,1.6646122932434082
1989,969,"1,34,67,40,50,52,89,96",160,30,9,0.5,0.3,LOW,1.700514316558838
1989,969,"6,71,9,74,76,12,52,85,60",160,20,6,0.5,0.3,MEDIUM,1.728485107421875
1989,969,"65,2,67,68,103,10,76,88,25,94,96",160,20,6,0.5,0.3,LOW,1.8611276149749756
1989,969,"2,38,10,12,76,17,50,25,62,32",160,10,3,0.5,0.3,HIGH,1.80727219581604
1989,969,"1,11,76,85,96,33,34,97,50,54,60,61",160,10,3,0.5,0.3,MEDIUM,1.773362159729004
1950,950,"97,2,100,103,72,74,11,108,76,79,54,25,91",160,10,3,0.5,0.3,LOW,1.827219009399414
1989,969,"97,34,99,38,39,107,76,45,50,61,62",150,150,45,0.5,0.3,HIGH,1.1998960971832275
1989,969,"65,34,68,71,72,73,40,76,50,96",150,150,45,0.5,0.3,MEDIUM,1.2877018451690674
1989,969,"2,97,68,6,11,76,45,79,17,52,54,86,61,96",150,150,45,0.5,0.3,LOW,1.2247629165649414
1989,969,"2,34,6,107,10,52,61",150,140,42,0.5,0.3,HIGH,1.3254950046539307
1989,969,"65,2,68,72,74,11,86,88,35,38,50,60,61",150,140,42,0.5,0.3,MEDIUM,1.2666525840759277
1989,969,"33,1,6,38,11,12,17,50,52,54,25,61",150,140,42,0.5,0.3,LOW,1.24471116065979
1989,969,"65,33,2,10,74,12,76,17,86,54,25,60,61",150,130,39,0.5,0.3,HIGH,1.3793511390686035
1989,969,"1,2,65,36,6,103,17,52,88,25,96",150,130,39,0.5,0.3,MEDIUM,1.3344707489013672
1989,969,"74,17,33,96,45,60",150,130,39,0.5,0.3,LOW,1.430485725402832
1989,969,"97,1,99,65,107,76,11,52,61,94,96",150,120,36,0.5,0.3,HIGH,1.4766473770141602
1989,969,"97,1,99,2,103,39,52,88,60,96",150,120,36,0.5,0.3,MEDIUM,1.5853559970855713
1989,969,"33,34,35,6,43,108,15,83,54,25",150,120,36,0.5,0.3,LOW,1.5823640823364258
1989,969,"97,65,99,2,68,100,108,45,84,89,25",150,110,33,0.5,0.3,HIGH,1.6043059825897217
1989,969,"67,68,71,103,74,76,88,62",150,110,33,0.5,0.3,MEDIUM,1.5504498481750488
1989,969,"67,9,12,45,15,17,85,61",150,110,33,0.5,0.3,LOW,1.6082961559295654
1872,912,"2,34,38,6,108,83,54,25",150,100,30,0.5,0.3,HIGH,1.658848524093628
1989,969,"97,6,103,73,74,43,76,108,45,52,25,60,96",150,100,30,0.5,0.3,MEDIUM,1.656569242477417
1989,969,"65,66,99,68,2,74,76,79,52,25,91,96",150,100,30,0.5,0.3,LOW,1.709428071975708
1989,969,"65,74,76,17,89,25,96,34,97,36,107,50,61",150,90,27,0.5,0.3,HIGH,1.724388599395752
1989,969,"2,34,36,66,6,74,76,17,25",150,90,27,0.5,0.3,MEDIUM,1.7513172626495361
1989,969,"65,97,68,36,72,76,79,50,83,86,54,61",150,90,27,0.5,0.3,LOW,1.5039772987365723
1989,969,"68,107,43,91,61",150,80,24,0.5,0.3,HIGH,1.5249218940734863
1989,969,"103,73,10,108,79,17,50,86,89,25,61",150,80,24,0.5,0.3,LOW,1.5309054851531982
1911,931,"66,2,34,39,73,45,50,83,54,25",150,80,24,0.5,0.3,MEDIUM,2.2070977687835693
1989,969,"1,65,2,76,85,86,25,35,45",150,60,18,0.5,0.3,HIGH,1.5518498420715332
1989,969,"1,65,2,74,84,25,34,38,103,45,50,52,54",150,70,21,0.5,0.3,HIGH,1.965742826461792
1989,969,"2,68,38,71,12,43,76,79,54,96",150,70,21,0.5,0.3,LOW,1.8410749435424805
1989,969,"99,68,6,103,72,108,89,25,61",150,70,21,0.5,0.3,MEDIUM,1.9398119449615479
1989,969,"99,100,71,74,11,108,17,61,94,96",150,60,18,0.5,0.3,MEDIUM,1.5368890762329102
1989,969,"97,68,103,74,107,10,11,79,86,96",150,60,18,0.5,0.3,LOW,1.487022876739502
1989,969,"6,84,85,89,34,100",150,50,15,0.5,0.3,HIGH,1.770265817642212
1989,969,"66,6,71,11,83,25,96,34,38,103,54",150,50,15,0.5,0.3,MEDIUM,1.5428736209869385
1989,969,"65,97,99,103,71,73,76,88,60,96",150,50,15,0.5,0.3,LOW,1.7632842063903809
1989,969,"34,99,2,6,72,9,107,12,76,50,86",150,40,12,0.5,0.3,LOW,1.5827670097351074
1989,969,"65,34,67,72,74,76,79,83,85,88",150,40,12,0.5,0.3,HIGH,1.7902119159698486
1989,969,"65,97,67,68,103,72,76,108,79,96",150,40,12,0.5,0.3,MEDIUM,1.8271136283874512
1989,969,"97,2,34,68,9,74,11,10,50,83,54,25,61",150,30,9,0.5,0.3,HIGH,1.600717544555664
1989,969,"97,35,38,107,108,11,17,25,61,94",150,30,9,0.5,0.3,MEDIUM,1.8011095523834229
1989,969,"65,97,2,103,74,107,76,11,50,84,25,91",150,30,9,0.5,0.3,LOW,1.7169873714447021
1989,969,"1,34,10,12,76,84,85,89,25,61",150,20,6,0.5,0.3,MEDIUM,1.619206190109253
1989,969,"97,2,34,68,33,35,103,10,74,108,76,12,50,61",150,20,6,0.5,0.3,HIGH,1.7607948780059814
1989,969,"1,99,74,107,108,84,54,25,94,96",150,10,3,0.5,0.3,HIGH,1.655402660369873
1989,969,"2,99,38,39,10,12,17,50,60",150,20,6,0.5,0.3,LOW,1.7717442512512207
1989,969,"97,107,108,83,85,86,89,96",150,10,3,0.5,0.3,MEDIUM,1.6394033432006836
1989,969,"71,38,45,50,54,61,96",140,150,45,0.5,0.3,HIGH,1.0862650871276855
1989,969,"97,72,43,54,94,96",140,150,45,0.5,0.3,MEDIUM,1.0204861164093018
1989,969,"1,68,74,76,15,17,83,84,85,97,34,61",140,150,45,0.5,0.3,LOW,1.1411933898925781
1989,969,"72,6,17,50,52,85,61",140,140,42,0.5,0.3,MEDIUM,1.0963351726531982
1989,969,"65,2,71,76,12,79,83,97,36,52,61",140,140,42,0.5,0.3,HIGH,1.1638069152832031
1989,969,"33,38,39,74,52,54,88,61,94",150,10,3,0.5,0.3,LOW,1.7202222347259521
1989,969,"2,97,67,38,43,11,108,52,84,25",140,140,42,0.5,0.3,LOW,1.224686861038208
1989,969,"1,2,34,68,103,9,10,15,88",140,130,39,0.5,0.3,MEDIUM,1.0860955715179443
1989,969,"67,68,6,97,10,17,50",140,130,39,0.5,0.3,HIGH,1.2097644805908203
1911,931,"68,6,83,88,25,32,35,45,52",140,120,36,0.5,0.3,HIGH,1.1637530326843262
1989,969,"6,71,72,73,11,12,107,74,15,61",140,130,39,0.5,0.3,LOW,1.22359299659729
1989,969,"33,1,2,68,97,40,11,17,50,54,60,61",140,120,36,0.5,0.3,MEDIUM,1.2914118766784668
1989,969,"2,39,72,107,108,96",140,120,36,0.5,0.3,LOW,1.1597650051116943
1989,969,"2,68,6,74,11,79,96,99,38,50,61",140,110,33,0.5,0.3,HIGH,1.255509376525879
1989,969,"97,34,99,68,74,11,76,45,79,50,83,54,61,32",140,110,33,0.5,0.3,MEDIUM,1.1188733577728271
1989,969,"2,68,6,72,73,76,17,89,96,43,45,50,61",140,110,33,0.5,0.3,LOW,1.1936726570129395
1989,969,"66,99,36,6,73,11,45,17,25",140,100,30,0.5,0.3,HIGH,1.0910818576812744
1989,969,"33,2,65,6,72,43,50,84,85,25,60",140,100,30,0.5,0.3,MEDIUM,1.1479310989379883
1950,950,"33,6,38,9,11,12,45,61,96",140,100,30,0.5,0.3,LOW,1.0811095237731934
1989,969,"1,2,68,11,107,45,76,79,43,54,85,25",140,90,27,0.5,0.3,HIGH,1.1549110412597656
1989,969,"65,66,67,103,71,76,108,79,54,25",140,90,27,0.5,0.3,MEDIUM,1.0940723419189453
1950,950,"34,68,38,6,43,54,60",140,90,27,0.5,0.3,LOW,1.142941951751709
1989,969,"68,6,11,74,86,25,99,100,103,107,50,54",140,80,24,0.5,0.3,HIGH,1.196800947189331
1989,969,"68,72,84,97,103,107,50",140,80,24,0.5,0.3,MEDIUM,1.1269855499267578
1989,969,"103,74,76,12,50,88,89,25,96",140,80,24,0.5,0.3,LOW,1.129976511001587
1989,969,"2,6,74,76,79,96,33,38,43,108,50,54,62",140,70,21,0.5,0.3,HIGH,1.205775499343872
1989,969,"97,99,68,38,103,72,74,76,45,50,83,52,54,25,61",140,70,21,0.5,0.3,MEDIUM,1.2277171611785889
1989,969,"68,71,9,76,25,89,96,97,99,45,61",140,70,21,0.5,0.3,LOW,1.2476637363433838
1989,969,"65,66,83,25,94,100,52,54,60,61",140,60,18,0.5,0.3,HIGH,1.1440339088439941
1989,969,"103,45,15,83,54,96",140,60,18,0.5,0.3,MEDIUM,1.148024082183838
1989,969,"2,100,71,76,50,54,86,89,25,91,61",140,60,18,0.5,0.3,LOW,1.2068655490875244
1950,950,"71,11,76,94,35,103,60",140,50,15,0.5,0.3,MEDIUM,1.1061370372772217
1989,969,"1,33,67,6,43,76,45,10,17,25,96",140,50,15,0.5,0.3,HIGH,1.276681661605835
1989,969,"33,2,65,67,6,72,43,12,50,54,25,61",140,50,15,0.5,0.3,LOW,1.1360523700714111
1989,969,"97,35,36,6,73,108,76,60",140,40,12,0.5,0.3,HIGH,1.2726893424987793
1989,969,"34,35,6,10,11,12,17,50,52,54,25,61",140,40,12,0.5,0.3,MEDIUM,1.2217323780059814
1989,969,"2,67,6,74,76,83,86,25,38,103,43,60",140,40,12,0.5,0.3,LOW,1.1279833316802979
1989,969,"2,6,72,11,12,17,25,89,94",140,30,9,0.5,0.3,MEDIUM,1.2047758102416992
1989,969,"2,35,71,73,9,11,10,50,83,25",140,30,9,0.5,0.3,HIGH,1.317478895187378
1989,969,"97,65,68,6,74,107,76,108,50,52,85,61,94",140,30,9,0.5,0.3,LOW,1.218740463256836
1950,950,"66,2,10,12,74,17,86,25,94,54,61",140,20,6,0.5,0.3,HIGH,1.3434066772460938
1989,969,"65,97,67,100,103,39,74,76,89",140,20,6,0.5,0.3,MEDIUM,1.2426764965057373
1989,969,"65,39,25,89,61,96",130,150,45,0.5,0.3,HIGH,0.7998611927032471
1989,969,"2,6,71,12,15,17,50,84,89",140,20,6,0.5,0.3,LOW,1.348393440246582
1989,969,"76,79,85,88,97,100,38,39,103,50,61",140,10,3,0.5,0.3,HIGH,1.3404152393341064
1989,969,"97,2,9,11,12,45,108,15,76,25,94",130,150,45,0.5,0.3,MEDIUM,0.804847240447998
1989,969,"97,38,74,76,50,84,88",130,150,45,0.5,0.3,LOW,0.6831731796264648
1989,969,"2,6,72,10,74,12,94,96,97,43,50,61",140,10,3,0.5,0.3,LOW,1.3065035343170166
1989,969,"65,1,103,71,72,9,43,61,94",140,10,3,0.5,0.3,MEDIUM,1.3503882884979248
1989,969,"1,68,72,76,79,83,89,25,50,52",130,140,42,0.5,0.3,LOW,0.6891565322875977
1989,969,"1,2,97,68,34,100,74,10,76,45,83,86,25,61,96",130,140,42,0.5,0.3,HIGH,0.7839031219482422
1989,969,"65,2,33,68,35,6,71,103,73,54",130,140,42,0.5,0.3,MEDIUM,0.7998602390289307
1989,969,"1,10,12,15,25",130,130,39,0.5,0.3,HIGH,0.7440102100372314
1989,969,"65,2,34,68,6,38,74,76,43,79,17,50,52,25,61",130,130,39,0.5,0.3,MEDIUM,0.7978661060333252
1989,969,"65,1,34,68,71,108,45,84,88,25",130,120,36,0.5,0.3,HIGH,0.7839033603668213
1989,969,"97,68,38,39,103,73,76,50,86,91,96",130,130,39,0.5,0.3,LOW,0.8218023777008057
1989,969,"38,72,12,76,108,89,61",130,110,33,0.5,0.3,HIGH,0.7669486999511719
1989,969,"66,34,36,68,97,71,74,76,45,15",130,120,36,0.5,0.3,MEDIUM,0.8856315612792969
1989,969,"97,2,103,74,43,76,79,50,83,60,94",130,120,36,0.5,0.3,LOW,0.871668815612793
1989,969,"65,2,35,6,10,43,107,54,91,60",130,110,33,0.5,0.3,MEDIUM,0.7878942489624023
1989,969,"97,2,36,6,72,9,10,108,50,88",130,110,33,0.5,0.3,LOW,0.9165487289428711
1950,950,"1,67,103,107,108,76,17,83,54,61",130,100,30,0.5,0.3,MEDIUM,0.8068420886993408
1989,969,"1,34,35,68,74,17,61",130,100,30,0.5,0.3,HIGH,0.8537170886993408
1989,969,"1,2,97,33,6,39,15,50,83,86,25",130,100,30,0.5,0.3,LOW,0.7639575004577637
1989,969,"1,34,65,68,36,6,99,107,11,83",130,90,27,0.5,0.3,MEDIUM,0.8497271537780762
1989,969,"11,74,76,32,45,43,60",130,90,27,0.5,0.3,HIGH,0.9235296249389648
1989,969,"97,2,6,38,9,43,107,45,54,25,61,32",130,90,27,0.5,0.3,LOW,0.9534497261047363
1989,969,"34,35,68,2,6,11,17,84,85",130,80,24,0.5,0.3,HIGH,0.8666822910308838
1989,969,"67,6,38,9,11,43,17,50,88,61",130,80,24,0.5,0.3,MEDIUM,0.8218019008636475
1989,969,"65,97,99,103,71,9,76,79,50,94",130,80,24,0.5,0.3,LOW,0.9404842853546143
1989,969,"2,11,6,74,17,83,89,25,97,34,38,103,50,52,61",130,70,21,0.5,0.3,HIGH,0.937492847442627
1989,969,"103,43,108,12,88,91",130,70,21,0.5,0.3,MEDIUM,0.7918825149536133
1989,969,"1,2,73,76,17,86,97,45,54",130,70,21,0.5,0.3,LOW,0.8726656436920166
1989,969,"1,35,6,76,79,17,83,52,84,25,61",130,60,18,0.5,0.3,HIGH,0.9305117130279541
1989,969,"97,66,67,33,99,103,74,32",130,60,18,0.5,0.3,LOW,0.913557767868042
1989,969,"97,2,39,9,74,43,76,108,73,88,25",130,60,18,0.5,0.3,MEDIUM,0.9853646755218506
1989,969,"2,68,36,71,72,76,45,79,17,83,25,60",130,50,15,0.5,0.3,HIGH,0.9035842418670654
1989,969,"2,68,74,6,97,32,34,103,39,107,50",130,50,15,0.5,0.3,LOW,0.9384901523590088
1950,950,"65,68,74,89,91,96,34,36,103,61",130,50,15,0.5,0.3,MEDIUM,0.9923458099365234
1989,969,"1,2,99,68,6,38,11,45,15,17,50,96",130,40,12,0.5,0.3,HIGH,1.0611612796783447
1989,969,"1,99,36,103,76,10,25,91,62",130,40,12,0.5,0.3,MEDIUM,1.0920791625976562
1989,969,"72,9,74,10,12,91,34,54,60,61",130,40,12,0.5,0.3,LOW,0.9335026741027832
1989,969,"65,12,86,96,99,100,38,61,62",130,30,9,0.5,0.3,HIGH,0.9694085121154785
1989,969,"65,66,99,72,73,43,79,52,25",130,30,9,0.5,0.3,MEDIUM,0.9225325584411621
1989,969,"65,2,66,6,9,74,15,25,96,32",130,30,9,0.5,0.3,LOW,0.9634232521057129
1989,969,"65,6,71,10,74,72,86,100,38,50,52,61",130,20,6,0.5,0.3,HIGH,1.1110286712646484
1989,969,"97,99,72,74,108,79,83,86,96",130,20,6,0.5,0.3,MEDIUM,0.9404847621917725
1989,969,"66,1,36,74,11,76,45,108,52,61",130,20,6,0.5,0.3,LOW,0.9733963012695312
1989,969,"1,2,100,38,71,74,10,45,50,86,25,60",130,10,3,0.5,0.3,HIGH,0.9743955135345459
1950,950,"34,40,10,79,17",120,150,45,0.5,0.3,HIGH,0.6093699932098389
1989,969,"97,34,68,33,6,72,43,12,10,76,108,17,25",130,10,3,0.5,0.3,MEDIUM,0.9883565902709961
1989,969,"34,67,6,10,15,17,85,25,60,61",120,150,45,0.5,0.3,LOW,0.5595037937164307
1989,969,"2,99,34,74,10,76,50,60,96",120,150,45,0.5,0.3,MEDIUM,0.6362991333007812
1989,969,"2,71,9,72,76,25,32,96,34,99,108,50",130,10,3,0.5,0.3,LOW,1.14693284034729
1989,969,"65,34,38,6,74,43,12,45,79,25,89,61",120,140,42,0.5,0.3,HIGH,0.6382927894592285
1989,969,"72,9,74,12,108,25,62",120,140,42,0.5,0.3,MEDIUM,0.6442756652832031
1989,969,"2,34,6,45,108,76,79,50,83,89,62",120,140,42,0.5,0.3,LOW,0.5904209613800049
1989,969,"65,2,6,72,9,10,76,15,25,34,99,103,50,61",120,130,39,0.5,0.3,HIGH,0.6293158531188965
1989,969,"2,67,73,74,107,108,15,85,25,61",120,130,39,0.5,0.3,MEDIUM,0.6023895740509033
1989,969,"2,67,68,103,10,76,17,50",120,130,39,0.5,0.3,LOW,0.6392903327941895
1989,969,"97,34,2,65,72,74,50,52,54,25,61",120,120,36,0.5,0.3,HIGH,0.6781868934631348
1989,969,"2,6,40,10,45,32,15,88,61,96",120,120,36,0.5,0.3,MEDIUM,0.6502609252929688
1989,969,"2,6,9,74,11,43,12,79,17,84,54",120,110,33,0.5,0.3,HIGH,0.6462717056274414
1989,969,"33,38,39,43,108,45,83,62",120,120,36,0.5,0.3,LOW,0.7150874137878418
1989,969,"65,34,99,68,38,39,103,10,43,11,54,61",120,110,33,0.5,0.3,MEDIUM,0.6502606868743896
1989,969,"65,2,68,11,76,96,32,100,39,43,61",120,110,33,0.5,0.3,LOW,0.6572420597076416
1989,969,"97,100,6,103,71,11,43,17,54,25,96",120,100,30,0.5,0.3,HIGH,0.701124906539917
1989,969,"65,68,72,45,17,50,25,60",120,100,30,0.5,0.3,MEDIUM,0.6672146320343018
1989,969,"74,17,86,96,34,108,50,61",120,90,27,0.5,0.3,LOW,0.5914185047149658
1989,969,"68,74,10,76,79,83,88,97,38,103,43,45,61",120,90,27,0.5,0.3,HIGH,0.6642239093780518
1989,969,"2,68,71,74,73,85,94,97,34,38,54",120,100,30,0.5,0.3,LOW,0.7479989528656006
1989,969,"1,72,76,74,97,39,103,61",120,90,27,0.5,0.3,MEDIUM,0.7689435482025146
1989,969,"33,2,34,68,36,38,74,76,45,50,54,25,61",120,80,24,0.5,0.3,HIGH,0.7659516334533691
1989,969,"100,38,103,71,73,11,45",120,80,24,0.5,0.3,MEDIUM,0.792879581451416
1989,969,"6,9,10,86,25,96,99,40,50,54,60,61",120,80,24,0.5,0.3,LOW,0.7609646320343018
1989,969,"2,72,11,12,96,100,39,43,50,60,61",120,70,21,0.5,0.3,MEDIUM,0.6811778545379639
1989,969,"1,6,12,45,54,88,61",120,70,21,0.5,0.3,HIGH,0.7849009037017822
1989,969,"97,65,2,100,68,6,103,73,107,45,61,54",120,70,21,0.5,0.3,LOW,0.7868955135345459
1989,969,"68,72,76,83,25,91,33,103,50,52,54",120,60,18,0.5,0.3,MEDIUM,0.7360305786132812
1989,969,"97,68,38,71,103,74,43,76,79,50,85,96",120,60,18,0.5,0.3,HIGH,0.8666822910308838
1989,969,"97,66,99,100,68,39,108,76,83,61",120,50,15,0.5,0.3,HIGH,0.8307783603668213
1989,969,"34,2,68,38,10,76,12,50,84,85,25,60",120,60,18,0.5,0.3,LOW,0.8806447982788086
1989,969,"65,66,33,68,71,73,74,76,54,61,96",120,50,15,0.5,0.3,MEDIUM,0.8467357158660889
1989,969,"66,68,74,15,25,32,97,96,107,50",120,50,15,0.5,0.3,LOW,0.790884256362915
1989,969,"65,66,10,11,76,15,97,34,99,45,50",120,40,12,0.5,0.3,HIGH,0.8327734470367432
1989,969,"65,32,39,40,108,45,50,62",120,40,12,0.5,0.3,LOW,0.7988636493682861
1989,969,"2,68,6,72,36,100,43,52,60,62",120,40,12,0.5,0.3,MEDIUM,0.8367621898651123
1989,969,"2,74,76,17,83,96,38,39,52,54,60,61",120,30,9,0.5,0.3,HIGH,0.8447408676147461
1989,969,"65,2,36,38,72,73,74,9,76,43,54,61",120,30,9,0.5,0.3,MEDIUM,0.860698938369751
1989,969,"97,99,68,100,103,72,76,83,52,88",120,30,9,0.5,0.3,LOW,0.8676791191101074
1989,969,"65,66,68,76,79,83,25,96,45,52,54,60,61",120,20,6,0.5,0.3,HIGH,0.891615629196167
1989,969,"66,2,103,40,74,79,50,52,60,61,96",120,20,6,0.5,0.3,MEDIUM,0.8048481941223145
1989,969,"65,2,68,6,74,11,76,25,91,96,97,34,39,54,60,61",120,20,6,0.5,0.3,LOW,0.9035849571228027
1989,969,"1,33,99,68,97,38,40,11,76,25",120,10,3,0.5,0.3,HIGH,0.9514555931091309
1989,969,"6,71,72,74,76,79,108",110,150,45,0.5,0.3,MEDIUM,0.4059145450592041
1989,969,"66,1,11,83,25,96,38,50,52",110,150,45,0.5,0.3,HIGH,0.471738338470459
1989,969,"65,2,68,10,43,17,83,54,61",110,150,45,0.5,0.3,LOW,0.5186114311218262
1989,969,"1,99,35,34,65,10,74,50,85,54,25,61",120,10,3,0.5,0.3,MEDIUM,0.8866288661956787
1989,969,"6,76,79,83,85,88,25,97,34,96,100,61",120,10,3,0.5,0.3,LOW,0.9275197982788086
1989,969,"72,76,83,96,97,38,108,60,61,62",110,140,42,0.5,0.3,HIGH,0.543548583984375
1989,969,"34,74,11,45,17,54,89,25,60,61,62,96",110,140,42,0.5,0.3,LOW,0.4697437286376953
1989,969,"2,68,10,45,79,54,60,61",110,140,42,0.5,0.3,MEDIUM,0.536564826965332
1989,969,"34,68,6,72,11,12,15,50,52,54,88,61",110,130,39,0.5,0.3,HIGH,0.5355691909790039
1950,950,"6,39,89,74,43,45,50,54,25,60,61,96",110,130,39,0.5,0.3,MEDIUM,0.47871994972229004
1989,969,"1,34,65,2,68,6,10,43,45,15,50,54,25,61",110,130,39,0.5,0.3,LOW,0.5425488948822021
1989,969,"1,100,68,103,74,76,17,61",110,120,36,0.5,0.3,HIGH,0.6013913154602051
1989,969,"65,66,68,76,25,96,97,34,103,40,45,50,61",110,120,36,0.5,0.3,MEDIUM,0.5744636058807373
1989,969,"2,72,12,100,54,60,61",110,110,33,0.5,0.3,HIGH,0.5335743427276611
1989,969,"33,2,35,36,68,100,108,79,50,25",110,120,36,0.5,0.3,LOW,0.590421199798584
1950,950,"2,38,74,10,15,17,52,54",110,110,33,0.5,0.3,MEDIUM,0.5265932083129883
1989,969,"68,36,39,71,9,76,84,60,61",110,110,33,0.5,0.3,LOW,0.5614974498748779
1989,969,"1,67,6,72,73,74,107,25,62",110,100,30,0.5,0.3,HIGH,0.6123623847961426
1989,969,"2,99,100,6,38,15,17,52,25",110,100,30,0.5,0.3,MEDIUM,0.6532533168792725
1950,950,"35,100,6,11,76,79,83,60,32,96",110,100,30,0.5,0.3,LOW,0.6183464527130127
1989,969,"2,9,10,12,79,17,25,38,43,62",110,90,27,0.5,0.3,HIGH,0.6492629051208496
1989,969,"1,65,2,103,76,45,17,54,25,62",110,90,27,0.5,0.3,MEDIUM,0.6213383674621582
1950,950,"2,34,99,38,11,45,74,15,17,85,25,61",110,90,27,0.5,0.3,LOW,0.629317045211792
1989,969,"1,72,74,11,76,43,107,108,50,85,25",110,80,24,0.5,0.3,HIGH,0.6073756217956543
1950,950,"2,68,6,10,85,25,32,43,45,50,52,60",110,80,24,0.5,0.3,MEDIUM,0.6442775726318359
1911,931,"67,68,99,38,74,108,45,50,60,32",110,80,24,0.5,0.3,LOW,0.7440102100372314
1950,950,"1,68,6,74,10,11,88,89,97,38,52,61",110,70,21,0.5,0.3,HIGH,0.7539832592010498
1989,969,"65,34,2,74,107,43,108,10,83,60,61,32",110,70,21,0.5,0.3,MEDIUM,0.7559785842895508
1989,969,"97,99,103,72,107,50,83,84,89,61",110,70,21,0.5,0.3,LOW,0.7759246826171875
1950,950,"97,65,66,107,108,83,62",110,60,18,0.5,0.3,HIGH,0.8108313083648682
1989,969,"2,6,76,12,85,45,52,60,61",110,60,18,0.5,0.3,MEDIUM,0.7759251594543457
1989,969,"65,34,97,39,74,43,11,52,61,32",110,60,18,0.5,0.3,LOW,0.791881799697876
1989,969,"68,10,43,76,45,79,85",110,50,15,0.5,0.3,HIGH,0.7639567852020264
1989,969,"2,34,38,9,11,79,17,83,25,96",110,50,15,0.5,0.3,MEDIUM,0.7290496826171875
1950,950,"2,67,6,12,76,15,25,34,40,50,54",110,40,12,0.5,0.3,HIGH,0.6592366695404053
1989,969,"65,97,99,103,74,83,91,60,61,96",110,50,15,0.5,0.3,LOW,0.7489984035491943
1989,969,"97,2,99,68,6,72,10,108,79,17,25,89",110,40,12,0.5,0.3,MEDIUM,0.7729325294494629
1989,969,"65,2,67,68,72,83,89,25,61,32",110,40,12,0.5,0.3,LOW,0.7450070381164551
1989,969,"1,34,97,36,10,74,76,85,86,25,96",110,30,9,0.5,0.3,HIGH,0.7958729267120361
1989,969,"34,6,36,39,38,43,74,50,32",110,30,9,0.5,0.3,MEDIUM,0.8327727317810059
1989,969,"97,2,6,50,83,52,88,61",110,30,9,0.5,0.3,LOW,0.7629597187042236
1989,969,"2,68,71,10,11,76,79,17,52,54,88",110,20,6,0.5,0.3,HIGH,0.7918832302093506
1989,969,"2,68,6,74,11,83,88,25,34,40,45,60,61",110,20,6,0.5,0.3,MEDIUM,0.7988638877868652
1989,969,"68,38,43,107,108,76,17,86,60,61",110,20,6,0.5,0.3,LOW,0.7599673271179199
1872,952,"74,10,76,12,97,100,46,50,52,60",110,10,3,0.5,0.3,HIGH,0.7978663444519043
1989,969,"97,34,74,107,52,60,61",100,150,45,0.5,0.3,MEDIUM,0.3291196823120117
1989,969,"2,68,100,74,15,50,54,25,60,61",100,150,45,0.5,0.3,HIGH,0.39693737030029297
1950,950,"68,6,76,79,83,25,97,35,38,50,52,61",110,10,3,0.5,0.3,MEDIUM,0.8188109397888184
1950,950,"97,103,40,73,43,108,50,83,86,61",100,150,45,0.5,0.3,LOW,0.40691161155700684
1989,969,"33,68,10,11,9,83,84,54,25,60,61",100,140,42,0.5,0.3,MEDIUM,0.419877290725708
1989,969,"65,34,107,50,54,25,60",100,140,42,0.5,0.3,HIGH,0.4587738513946533
1989,969,"1,97,34,2,68,38,71,73,74,43,108,83",110,10,3,0.5,0.3,LOW,0.7988641262054443
1989,969,"65,99,68,73,74,76,45,61,50,54,60,32,96",100,140,42,0.5,0.3,LOW,0.452789306640625
1989,969,"65,66,68,6,71,38,11,45,50,52,54,61",100,130,39,0.5,0.3,HIGH,0.4527881145477295
1989,969,"65,74,10,76,25,97,38,45,54,61",100,130,39,0.5,0.3,MEDIUM,0.4637596607208252
1989,969,"65,34,38,103,74,11,76,83,61",100,130,39,0.5,0.3,LOW,0.4747304916381836
1950,950,"97,2,99,68,100,6,11,25",100,120,36,0.5,0.3,HIGH,0.4747300148010254
1989,969,"100,68,74,76,108,83,54,88,25,60,61,62,96",100,120,36,0.5,0.3,MEDIUM,0.48171067237854004
1989,969,"2,99,68,97,38,71,6,39,74,108,79,83,25",100,120,36,0.5,0.3,LOW,0.3949427604675293
1989,969,"99,43,79,50,85",100,110,33,0.5,0.3,MEDIUM,0.39095425605773926
1989,969,"68,9,17,25,91,50,54,61",100,110,33,0.5,0.3,HIGH,0.45977044105529785
1989,969,"97,1,2,71,40,84,86,88",100,110,33,0.5,0.3,LOW,0.5016591548919678
1989,969,"97,34,65,36,38,103,6,10,45,50,84,61",100,100,30,0.5,0.3,HIGH,0.5116312503814697
1989,969,"38,71,72,74,76,25,91,61,94,32",100,100,30,0.5,0.3,MEDIUM,0.509636640548706
1989,969,"1,34,103,72,73,79,17,50,83,60",100,90,27,0.5,0.3,MEDIUM,0.39893317222595215
1989,969,"71,73,74,76,108,83,85,86,88",100,100,30,0.5,0.3,LOW,0.52559494972229
1989,969,"65,97,68,103,72,74,76,108,83,85,60,61,96",100,90,27,0.5,0.3,HIGH,0.5026562213897705
1989,969,"97,34,68,72,40,43,17,50,86,60,61",100,90,27,0.5,0.3,LOW,0.46276187896728516
1989,969,"97,71,103,74,76,38,50,60,61",100,80,24,0.5,0.3,HIGH,0.527587890625
1950,950,"68,100,71,73,74,15,86",100,80,24,0.5,0.3,MEDIUM,0.5036530494689941
1911,931,"65,2,34,36,6,71,73,83,25,61",100,70,21,0.5,0.3,HIGH,0.48470354080200195
1989,969,"2,74,79,84,96,103,107,54,60",100,80,24,0.5,0.3,LOW,0.5515251159667969
1989,969,"33,68,6,72,74,43,76,15,86,89,25",100,70,21,0.5,0.3,MEDIUM,0.5505287647247314
1989,969,"97,99,103,107,108,94,96",100,70,21,0.5,0.3,LOW,0.5834395885467529
1950,950,"2,99,100,6,103,74,10,108,85,88,61,96",100,60,18,0.5,0.3,HIGH,0.5226027965545654
1911,931,"97,33,72,45,15,89,25,91",100,60,18,0.5,0.3,MEDIUM,0.5545172691345215
1989,969,"2,68,39,10,43,45,15,52,61",100,60,18,0.5,0.3,LOW,0.5954084396362305
1989,969,"65,34,68,6,45,15,50,52,54,25,60,61",100,50,15,0.5,0.3,HIGH,0.5216054916381836
1950,950,"97,99,2,68,74,107,76,86,61",100,50,15,0.5,0.3,MEDIUM,0.5495302677154541
1989,969,"65,2,68,6,74,83,86,25,94,100,52,60,61",100,50,15,0.5,0.3,LOW,0.5355677604675293
1989,969,"60,11,76,50,54,91,89",100,40,12,0.5,0.3,HIGH,0.5634925365447998
1989,969,"68,6,71,72,76,17,83",100,40,12,0.5,0.3,MEDIUM,0.5634925365447998
1989,969,"97,68,103,72,9,74,15,83,84,54,25",100,40,12,0.5,0.3,LOW,0.6372954845428467
1989,969,"97,34,36,39,11,43,45,50,83,54,25",100,30,9,0.5,0.3,MEDIUM,0.6073777675628662
1989,969,"97,36,6,71,9,74,11,108,86,61",100,30,9,0.5,0.3,LOW,0.5255944728851318
1989,969,"97,68,38,103,40,74,50,54,89,60,61,96",100,30,9,0.5,0.3,HIGH,0.6692090034484863
1989,969,"68,6,72,73,10,9,84,25,96,99,38",100,20,6,0.5,0.3,HIGH,0.6402876377105713
1989,969,"33,1,100,68,74,107,83,84,60",100,20,6,0.5,0.3,MEDIUM,0.5874290466308594
1989,969,"97,2,34,36,38,39,107,89,60",100,20,6,0.5,0.3,LOW,0.6961386203765869
1989,969,"99,103,74,76,79,50,84,60,62,32",90,150,45,0.5,0.3,HIGH,0.2842400074005127
1989,969,"65,72,17,25,38,40",90,150,45,0.5,0.3,MEDIUM,0.29122066497802734
1989,969,"103,74,43,108,76,85,54,25",90,150,45,0.5,0.3,LOW,0.31615424156188965
1989,969,"2,68,38,39,9,74,10,108,76,52,86,25",100,10,3,0.5,0.3,HIGH,0.6283197402954102
1950,950,"97,72,52,85,88,25",90,140,42,0.5,0.3,MEDIUM,0.28523707389831543
1989,969,"97,34,103,76,45,79,60,61,96",90,140,42,0.5,0.3,HIGH,0.32114100456237793
1989,969,"1,2,97,38,6,10,11,45,74,108,25",100,10,3,0.5,0.3,MEDIUM,0.6572418212890625
1950,950,"1,99,38,72,79,50,25,91,32",100,10,3,0.5,0.3,LOW,0.6961390972137451
1989,969,"2,6,74,11,43,45,83,25,61",90,140,42,0.5,0.3,LOW,0.31615471839904785
1989,969,"65,2,99,68,100,72,11,54,88,60,96",90,130,39,0.5,0.3,HIGH,0.27127575874328613
1950,950,"99,103,74,107,108,76,61",90,130,39,0.5,0.3,MEDIUM,0.33809566497802734
1989,969,"2,6,73,11,52,86,25",90,120,36,0.5,0.3,HIGH,0.3031895160675049
1989,969,"34,6,71,40,17,62,96",90,130,39,0.5,0.3,LOW,0.32712697982788086
1950,950,"99,68,2,6,103,72,9,74,76,45,83,60,96",90,120,36,0.5,0.3,MEDIUM,0.34906768798828125
1989,969,"1,65,99,68,97,38,10,74,88,25,60,32",90,120,36,0.5,0.3,LOW,0.3510618209838867
1989,969,"65,99,71,108,79,83,84,86,61",90,110,33,0.5,0.3,HIGH,0.3361027240753174
1989,969,"65,97,99,67,39,45,79,85,61",90,110,33,0.5,0.3,MEDIUM,0.3650224208831787
1950,950,"97,34,38,73,74,11,76,25,61",90,110,33,0.5,0.3,LOW,0.38197875022888184
1950,950,"65,2,68,10,12,76,52",90,100,30,0.5,0.3,HIGH,0.3839724063873291
1989,969,"68,72,10,11,74,50,88,61",90,100,30,0.5,0.3,MEDIUM,0.3969392776489258
1989,969,"2,99,38,74,11,50,86,25",90,100,30,0.5,0.3,LOW,0.3889596462249756
1989,969,"65,33,2,68,34,6,71,72,74,50,54,25,62",90,90,27,0.5,0.3,MEDIUM,0.3430821895599365
1989,969,"65,1,10,74,88,89,34,38,50,60,61",90,90,27,0.5,0.3,HIGH,0.37399792671203613
1989,969,"65,10,15,25,97,34,35,103,107,60",90,90,27,0.5,0.3,LOW,0.3700106143951416
1989,969,"68,76,79,32,34,96,100,107,60",90,80,24,0.5,0.3,MEDIUM,0.38497090339660645
1989,969,"2,6,11,76,12,83,108,50",90,80,24,0.5,0.3,HIGH,0.43184494972229004
1989,969,"97,68,74,76,108,17,85,86,54,88,25,60",90,80,24,0.5,0.3,LOW,0.4248650074005127
1950,950,"1,100,103,43,76,12,15,54,88",90,70,21,0.5,0.3,HIGH,0.4138946533203125
1989,969,"97,34,39,74,11,12,108,50,25,61",90,70,21,0.5,0.3,LOW,0.4079091548919678
1989,969,"2,10,79,32,97,34",90,70,21,0.5,0.3,MEDIUM,0.42087340354919434
1989,969,"2,68,71,74,12,76,34,96,100,45,108,60",90,60,18,0.5,0.3,HIGH,0.4278562068939209
1950,950,"1,67,10,74,52,86,61,62",90,60,18,0.5,0.3,MEDIUM,0.41788291931152344
1989,969,"103,73,74,108,83,84,86,94,96",90,60,18,0.5,0.3,LOW,0.42885303497314453
1989,969,"65,2,68,6,91,97,100,43,54",90,50,15,0.5,0.3,HIGH,0.42985081672668457
1989,969,"1,2,68,103,74,107,11,83",90,50,15,0.5,0.3,MEDIUM,0.48171305656433105
1989,969,"1,34,38,103,74,76,15,85,86,54,25,61,96",90,50,15,0.5,0.3,LOW,0.45977020263671875
1989,969,"72,10,76,79,86,97,34,99,100,108,60,61",90,40,12,0.5,0.3,HIGH,0.47373366355895996
1989,969,"33,2,35,68,6,10,12,45,54,96",90,40,12,0.5,0.3,MEDIUM,0.4398233890533447
1989,969,"65,2,99,100,9,10,45,79,94",90,40,12,0.5,0.3,LOW,0.4537851810455322
1989,969,"68,6,10,73,11,12,86,25,97,100,38,50,61",90,30,9,0.5,0.3,HIGH,0.4767265319824219
1989,969,"2,11,17,84,34,35,100,103,43,61",90,30,9,0.5,0.3,MEDIUM,0.52858567237854
1989,969,"65,97,99,67,72,74,43,17,61,96",90,30,9,0.5,0.3,LOW,0.47672462463378906
1911,931,"65,2,74,9,76,83,88,25,91,54,61",90,20,6,0.5,0.3,MEDIUM,0.4607682228088379
1989,969,"2,72,11,73,10,25,89,99,108,50,54",90,20,6,0.5,0.3,HIGH,0.5206074714660645
1989,969,"2,6,71,40,10,11,76,74,108,86,32",90,20,6,0.5,0.3,LOW,0.5096368789672852
1950,950,"103,79,17,86,61,96",80,150,45,0.5,0.3,MEDIUM,0.18051815032958984
1989,969,"6,71,72,10,11,88,99,40,61",80,150,45,0.5,0.3,HIGH,0.2044520378112793
1950,950,"65,35,68,72,74,50,54",80,150,45,0.5,0.3,LOW,0.21741890907287598
1989,969,"97,38,103,12,15,86,88,61,62",90,10,3,0.5,0.3,MEDIUM,0.429851770401001
1989,969,"65,34,97,74,43,45,15,17,54,25,96,32",90,10,3,0.5,0.3,HIGH,0.5146238803863525
1950,950,"97,66,67,107,86,89,96",80,140,42,0.5,0.3,HIGH,0.21940898895263672
1911,931,"2,66,36,61,50,54",80,140,42,0.5,0.3,MEDIUM,0.22240495681762695
1911,931,"6,38,40,10,11,76,45,25",80,140,42,0.5,0.3,LOW,0.22041034698486328
1989,969,"2,35,67,6,103,68,11,108,50,86,54,96",90,10,3,0.5,0.3,LOW,0.4976694583892822
1989,969,"38,103,108,76,15,60,61",80,130,39,0.5,0.3,MEDIUM,0.22440004348754883
1989,969,"34,99,36,68,72,54,86,89,60,61",80,130,39,0.5,0.3,HIGH,0.2533226013183594
1950,950,"34,68,100,38,74,107,62",80,130,39,0.5,0.3,LOW,0.21941328048706055
1989,969,"34,100,6,76,50,86,54,61",80,120,36,0.5,0.3,HIGH,0.2313823699951172
1989,969,"1,68,99,38,74,108,12,79,88",80,120,36,0.5,0.3,MEDIUM,0.2593071460723877
1989,969,"1,34,38,72,10,76,50,83,52,54,89,61",80,120,36,0.5,0.3,LOW,0.25831079483032227
1989,969,"65,6,71,73,74,11,76,17,54,25,61,32",80,110,33,0.5,0.3,HIGH,0.2672908306121826
1989,969,"2,66,100,6,108,50,83,62,94",80,100,30,0.5,0.3,HIGH,0.2403566837310791
1989,969,"10,12,74,15,50,25,96",80,110,33,0.5,0.3,MEDIUM,0.26031494140625
1989,969,"65,74,11,84,103,108",80,110,33,0.5,0.3,LOW,0.2702775001525879
1950,950,"97,38,73,74,43,76,54",80,100,30,0.5,0.3,MEDIUM,0.290224552154541
1989,969,"99,100,68,67,103,72,76,83,89",80,100,30,0.5,0.3,LOW,0.28523731231689453
1989,969,"2,74,11,76,94,96,108,54",80,90,27,0.5,0.3,MEDIUM,0.2852315902709961
1989,969,"2,68,73,74,10,12,83,38,50,61,62",80,90,27,0.5,0.3,HIGH,0.3121657371520996
1989,969,"33,99,103,74,11,17,50,52,89,60,61",80,90,27,0.5,0.3,LOW,0.27227139472961426
1989,969,"71,9,97,43,54,61",80,80,24,0.5,0.3,HIGH,0.2902214527130127
1989,969,"65,67,71,72,73,9,76,54,60",80,80,24,0.5,0.3,MEDIUM,0.2712743282318115
1989,969,"2,72,73,9,11,108,15,62",80,80,24,0.5,0.3,LOW,0.27825498580932617
1989,969,"33,2,6,103,11,76,12,108,83,88,96",80,70,21,0.5,0.3,HIGH,0.3400919437408447
1989,969,"97,2,68,6,9,108,45,50",80,60,18,0.5,0.3,HIGH,0.262298583984375
1872,952,"1,2,6,7,9,12,76,50,52,25,32",80,70,21,0.5,0.3,LOW,0.3091728687286377
1989,969,"71,73,74,72,108,12,50,83,91,61",80,70,21,0.5,0.3,MEDIUM,0.3390932083129883
1989,969,"68,38,6,73,10,43,12,50,54,25",80,60,18,0.5,0.3,MEDIUM,0.3281228542327881
1989,969,"97,39,103,74,76,79,15,17,50,54,25,60,96",80,60,18,0.5,0.3,LOW,0.36602139472961426
1950,950,"1,68,6,71,74,10,25,108,54",80,50,15,0.5,0.3,HIGH,0.33211207389831543
1950,950,"1,68,74,86,89,35,38,108,50",80,50,15,0.5,0.3,LOW,0.2932157516479492
1989,969,"33,38,6,71,103,11,107,50,52,54,25",80,40,12,0.5,0.3,HIGH,0.31615400314331055
1989,969,"2,100,38,71,74,10,11,76,45,50,25",80,40,12,0.5,0.3,MEDIUM,0.32712554931640625
1989,969,"2,35,39,10,11,12,84,54,25,61,96",80,50,15,0.5,0.3,MEDIUM,0.3809792995452881
1989,969,"97,34,35,36,2,6,40,10,52,96",80,40,12,0.5,0.3,LOW,0.3839740753173828
1989,969,"97,68,100,76,12,83,52,86,54,25,91",80,30,9,0.5,0.3,MEDIUM,0.3670179843902588
1989,969,"68,74,76,79,84,99,38,61",80,30,9,0.5,0.3,HIGH,0.41788268089294434
1950,950,"99,68,36,6,15,62,32",80,30,9,0.5,0.3,LOW,0.3121662139892578
1950,950,"99,68,38,72,85,61",70,150,45,0.5,0.3,HIGH,0.11170053482055664
1989,969,"100,103,107,62,91,94,96",80,20,6,0.5,0.3,MEDIUM,0.3730015754699707
1989,969,"65,1,2,6,38,43,15,17,50,54,25,60,61",80,20,6,0.5,0.3,HIGH,0.4218711853027344
1989,969,"1,2,10,11,12,43,17,61,94,96",80,20,6,0.5,0.3,LOW,0.4278557300567627
1989,969,"97,2,35,15,79,25",70,150,45,0.5,0.3,MEDIUM,0.10970807075500488
1989,969,"97,34,68,100,103,74,10,45,79,17,50,25",70,150,45,0.5,0.3,LOW,0.12865567207336426
1989,969,"97,65,68,39,74,11,76,83,91,94,96",80,10,3,0.5,0.3,HIGH,0.4029219150543213
1677,857,"2,7,103,17,85,61,96",70,140,42,0.5,0.3,HIGH,0.12865591049194336
1950,950,"97,103,9,11,12,45,83,25,91,61,96",80,10,3,0.5,0.3,LOW,0.39294910430908203
1989,969,"35,100,34,68,39,99,71,83,25,61",80,10,3,0.5,0.3,MEDIUM,0.4338395595550537
1989,969,"65,2,97,68,10,43,17,50,86,61",70,140,42,0.5,0.3,MEDIUM,0.1545870304107666
1989,969,"2,68,100,103,39,74,11,76,85,25,61,62,96",70,140,42,0.5,0.3,LOW,0.13364315032958984
1911,931,"97,68,100,103,10,45,79,50,83,54,60,96",70,130,39,0.5,0.3,MEDIUM,0.12466573715209961
1872,912,"6,72,9,74,108,83",70,130,39,0.5,0.3,HIGH,0.15658187866210938
1716,916,"67,68,76,52,95",70,130,39,0.5,0.3,LOW,0.16755199432373047
1989,969,"97,38,39,72,103,6,50,25,60,61",70,120,36,0.5,0.3,HIGH,0.15558385848999023
1989,969,"35,68,39,74,52,85,96",70,120,36,0.5,0.3,MEDIUM,0.14960002899169922
1950,950,"97,34,99,68,72,74,12,85,86,54,96",70,120,36,0.5,0.3,LOW,0.1825118064880371
1989,969,"2,68,38,107,76,43,50,84,86,25,91",70,110,33,0.5,0.3,HIGH,0.1855030059814453
1989,969,"97,2,73,76,91,62",70,110,33,0.5,0.3,MEDIUM,0.16655492782592773
1989,969,"2,11,76,79,86,25,97,99",70,110,33,0.5,0.3,LOW,0.18550395965576172
1950,950,"65,34,1,68,38,6,72,76",70,100,30,0.5,0.3,HIGH,0.1934826374053955
1989,969,"97,2,100,38,103,73,76,50,86,61",70,100,30,0.5,0.3,MEDIUM,0.18550395965576172
1989,969,"97,68,15,25,61,62,96",70,100,30,0.5,0.3,LOW,0.20644903182983398
1989,969,"74,43,15,83,25,91,61",70,90,27,0.5,0.3,HIGH,0.19747209548950195
1989,969,"67,6,9,10,11,76,45,17,50,60,96",70,90,27,0.5,0.3,MEDIUM,0.2124309539794922
1989,969,"6,72,11,76,86,96,36,38,43,108,52",70,90,27,0.5,0.3,LOW,0.20943927764892578
1989,969,"33,97,34,76,17,50,54,25",70,80,24,0.5,0.3,MEDIUM,0.18550348281860352
1989,969,"1,2,97,34,6,39,74,43,76,79,50,54,25,61",70,80,24,0.5,0.3,HIGH,0.23038363456726074
1989,969,"65,2,74,11,103,40,107,45,50,54,61",70,80,24,0.5,0.3,LOW,0.20345664024353027
1989,969,"2,11,88,97,35,100,43,108,45,60,61",70,70,21,0.5,0.3,HIGH,0.25232648849487305
1989,969,"97,1,99,65,6,72,76,50,85,60,62,96",70,70,21,0.5,0.3,LOW,0.20844268798828125
1989,969,"2,9,10,76,25,38,45,50",70,60,18,0.5,0.3,HIGH,0.19647526741027832
1950,950,"2,6,71,79,86,33,34,107,60",70,70,21,0.5,0.3,MEDIUM,0.2373647689819336
1950,950,"65,1,2,39,9,76,89,25,61,94",70,60,18,0.5,0.3,LOW,0.22240591049194336
1989,969,"2,72,11,84,88,25,40,50,60",70,60,18,0.5,0.3,MEDIUM,0.26130104064941406
1989,969,"65,2,74,76,88,91,34,99,103,108,50,52",70,50,15,0.5,0.3,HIGH,0.2652912139892578
1989,969,"65,68,39,103,40,10,83,60,61",70,50,15,0.5,0.3,LOW,0.2543191909790039
1989,969,"65,97,35,38,6,39,11,50,86,54,25,60,61",70,40,12,0.5,0.3,HIGH,0.260303258895874
1989,969,"6,71,72,74,15,17,25,34,99,38,54,60,61",70,40,12,0.5,0.3,MEDIUM,0.2543199062347412
1950,950,"2,72,74,10,76,17,86,25,38,103,50,61,62",70,50,15,0.5,0.3,MEDIUM,0.28024959564208984
1989,969,"65,97,66,34,74,107,45,84,25,60,96",70,40,12,0.5,0.3,LOW,0.27725744247436523
1989,969,"1,2,97,68,6,72,74,76,79,17,50,52,25,60,61",70,30,9,0.5,0.3,HIGH,0.26130247116088867
1989,969,"1,2,6,74,9,76,72,79,103,45,54,61,62",70,30,9,0.5,0.3,MEDIUM,0.30219221115112305
1989,969,"97,2,66,34,68,6,9,43,76,25,60,61,32",70,30,9,0.5,0.3,LOW,0.27227187156677246
1950,950,"35,6,9,10,74,50,83,88,25",70,20,6,0.5,0.3,LOW,0.2672855854034424
1950,950,"68,73,74,76,79,83,88,91",70,20,6,0.5,0.3,HIGH,0.2842400074005127
1989,969,"100,68,72,74,108,45,79,83,86",70,20,6,0.5,0.3,MEDIUM,0.31615495681762695
1911,931,"74,17,85,60,61,62",60,150,45,0.5,0.3,HIGH,0.07779169082641602
1872,912,"65,66,50,54,25,60",60,150,45,0.5,0.3,MEDIUM,0.07779169082641602
1989,969,"2,100,6,103,74,52,88,25",60,150,45,0.5,0.3,LOW,0.07779169082641602
1950,950,"2,99,6,74,10,76,79,60",60,140,42,0.5,0.3,HIGH,0.05585193634033203
1989,969,"67,100,68,36,72,108,54",70,10,3,0.5,0.3,MEDIUM,0.26628684997558594
1833,893,"2,74,11,83,97,35,36,38,43,60",70,10,3,0.5,0.3,HIGH,0.2982039451599121
1989,969,"34,2,103,43,45,52,61",60,140,42,0.5,0.3,MEDIUM,0.08776593208312988
1911,931,"65,35,68,97,76,12,83,61",60,130,39,0.5,0.3,LOW,0.06282997131347656
1950,950,"97,74,76,17,83,54,89,61",60,140,42,0.5,0.3,LOW,0.0877683162689209
1794,954,"1,65,98,50,54,61,64",60,130,39,0.5,0.3,HIGH,0.08776569366455078
1989,969,"2,99,68,71,73,72,76,52,54,61,94",60,130,39,0.5,0.3,MEDIUM,0.10671520233154297
1989,969,"1,71,72,76,15,25,39,108",60,120,36,0.5,0.3,HIGH,0.11170029640197754
1989,969,"1,65,10,11,76,15,17,83,25,35,60,61",60,120,36,0.5,0.3,LOW,0.07978653907775879
1989,969,"2,6,72,74,12,91,62,96",60,120,36,0.5,0.3,MEDIUM,0.10970616340637207
1989,969,"1,2,6,103,72,74,11,76,17,50",60,110,33,0.5,0.3,MEDIUM,0.09574055671691895
1794,954,"38,103,60,107,76,45,15,17,25,28",70,10,3,0.5,0.3,LOW,0.3370988368988037
1989,969,"1,34,38,6,10,11,17,50,54,25,60,61",60,110,33,0.5,0.3,HIGH,0.12366652488708496
1989,969,"2,34,74,11,17,83,86,25,61,96",60,110,33,0.5,0.3,LOW,0.11668729782104492
1911,931,"71,74,25,34,108,52,61",60,100,30,0.5,0.3,HIGH,0.10172796249389648
1989,969,"74,86,97,45,50,62",60,100,30,0.5,0.3,LOW,0.09574580192565918
1950,950,"2,6,74,12,76,97,43,50,54",60,100,30,0.5,0.3,MEDIUM,0.1326451301574707
1989,969,"68,100,71,108,17,54,60,96",60,90,27,0.5,0.3,MEDIUM,0.1266613006591797
1872,912,"2,9,11,74,76,45,60,61",60,90,27,0.5,0.3,HIGH,0.14461350440979004
1989,969,"97,2,108,45,79,50,83,25",60,90,27,0.5,0.3,LOW,0.14461326599121094
1989,969,"2,6,74,76,88,25,97,36,38,43,107,50,54,61",60,80,24,0.5,0.3,HIGH,0.12765884399414062
1989,969,"2,10,74,76,17,85,88,25,97,33,38,45,54",60,80,24,0.5,0.3,MEDIUM,0.16057062149047852
1950,950,"38,6,74,11,10,15,79,17,83,25,61",60,80,24,0.5,0.3,LOW,0.15558338165283203
1989,969,"74,15,86,108,50,54,61",60,70,21,0.5,0.3,HIGH,0.18051767349243164
1911,931,"2,68,76,86,6,94,50,54",60,70,21,0.5,0.3,LOW,0.17852282524108887
1989,969,"97,1,68,45,84,85",60,70,21,0.5,0.3,MEDIUM,0.18949365615844727
1989,969,"33,68,6,9,10,76,17,89",60,60,18,0.5,0.3,HIGH,0.2154238224029541
1950,950,"97,2,100,38,17,54,89,91,61,96",60,60,18,0.5,0.3,MEDIUM,0.21043729782104492
1950,950,"2,68,6,74,10,12,76,85,100,103,50,52",60,60,18,0.5,0.3,LOW,0.2014613151550293
1989,969,"99,36,6,103,76,79,17,86,61,94",60,50,15,0.5,0.3,HIGH,0.21342921257019043
1989,969,"1,6,71,11,76,79,32,38,108,52,61",60,50,15,0.5,0.3,MEDIUM,0.2044532299041748
1989,969,"6,40,107,85,54,60,61,96",60,50,15,0.5,0.3,LOW,0.20345616340637207
1833,933,"65,68,6,71,72,25,32,45,54,61,64",60,40,12,0.5,0.3,HIGH,0.24434781074523926
1950,950,"65,34,68,38,45,83,61",60,40,12,0.5,0.3,LOW,0.22838854789733887
1989,969,"65,72,10,43,76,91,61,96",60,40,12,0.5,0.3,MEDIUM,0.23337578773498535
1989,969,"2,99,72,107,76,50,54,89,25,62,96",60,30,9,0.5,0.3,MEDIUM,0.22240495681762695
1989,969,"34,103,71,10,83,96",60,30,9,0.5,0.3,HIGH,0.257312536239624
1950,950,"97,99,1,68,66,76,79,17,83,52,25",60,30,9,0.5,0.3,LOW,0.22140908241271973
1989,969,"2,10,76,73,79,25,97,33,99,34,43,54",60,20,6,0.5,0.3,HIGH,0.23759245872497559
1989,969,"68,71,74,76,79,15,96,34,43,45,54,60",60,20,6,0.5,0.3,MEDIUM,0.21370863914489746
1989,969,"68,6,38,40,11,43,50,25,61,62,32",60,10,3,0.5,0.3,HIGH,0.2007460594177246
1989,969,"65,68,6,74,76,79,25,96,97,99,40,108",60,20,6,0.5,0.3,LOW,0.20975542068481445
1989,969,"1,2,68,6,11,76,12,86,25,36,52,54,61",60,10,3,0.5,0.3,MEDIUM,0.1539754867553711
1989,969,"97,67,103,72,108,76,50,83,86,54,60,61",60,10,3,0.5,0.3,LOW,0.17395472526550293
